,ts_code,extname,index_code,index_name,exchange,mgr_name,amount,human
371,159816.SZ,0-4地债ETF,931161.CSI,中证0-4年期地方政府债指数,SZ,鹏华基金,902011.135,1
231,159629.SZ,1000ETF,000852.SH,中证1000指数,SZ,富国基金,68556.913,1
965,560590.SH,1000ETF增强,000852.SH,中证1000指数,SH,鹏华基金,714.994,
274,159680.SZ,1000ETF增强,000852.SH,中证1000指数,SZ,招商基金,23493.909,
1024,561780.SH,1000增强ETF,000852.SH,中证1000指数,SH,博时基金,2559.163,
271,159677.SZ,1000增强ETF,000852.SH,中证1000指数,SZ,银华基金,8008.445,
277,159685.SZ,1000增强ETF天弘,000852.SH,中证1000指数,SZ,天弘基金,1142.098,
574,511270.SH,10年地方债ETF,950109.CSI,上证10年期地方政府债指数,SH,海富通基金,231559.453,1
558,510990.SH,180ESGETF,931088.CSI,中证180ESG指数,SH,工银瑞信基金,8130.156,
505,510010.SH,180治理ETF,000021.SH,上证180公司治理指数,SH,交银施罗德基金,61.236,
1010,561370.SH,2000ETF,932000.CSI,中证2000指数,SH,国泰基金,2463.062,
439,159907.SZ,2000ETF,399303.SZ,国证2000指数,SZ,广发基金,10227.369,1
169,159553.SZ,2000ETF增强,932000.CSI,中证2000指数,SZ,海富通基金,2723.293,
170,159555.SZ,2000增强ETF,932000.CSI,中证2000指数,SZ,银华基金,2039.457,
352,159791.SZ,300ESGETF,931463.CSI,沪深300ESG基准指数,SZ,华夏基金,237.224,
861,516830.SH,300ESGETF,931463.CSI,沪深300ESG基准指数,SH,富国基金,6614.817,1
49,159300.SZ,300ETF,000300.SH,沪深300指数,SZ,富国基金,141485.101,1
37,159238.SZ,300ETF增强,000300.SH,沪深300指数,SZ,景顺长城基金,13673.24,
1004,561300.SH,300增强ETF,000300.SH,沪深300指数,SH,国泰基金,88112.605,
253,159656.SZ,300成长ETF,000918.CSI,沪深300成长指数,SZ,万家基金,11144.192,
530,510370.SH,300指数ETF,000300.SH,沪深300指数,SH,兴业基金,1147.343,
1042,562080.SH,300现金流ETF,932366.CSI,沪深300自由现金流指数,SH,华宝基金,32976.631,
761,515300.SH,300红利低波ETF,930740.CSI,沪深300红利低波动指数,SH,嘉实基金,126012.325,
564,511090.SH,30年国债ETF,CBA21801.OTH,中债-30年期国债指数,SH,鹏扬基金,7804000.373,1
567,511130.SH,30年国债ETF博时,950175.CSI,上证30年期国债指数,SH,博时基金,2653997.63,
984,560950.SH,500ETF增强,000905.SH,中证小盘500指数,SH,汇添富基金,3153.374,
215,159610.SZ,500ETF增强,000905.SH,中证小盘500指数,SZ,景顺长城基金,4812.419,
221,159617.SZ,500价值ETF,931587.CSI,中证智选500价值稳健策略指数,SZ,华夏基金,390.291,
1014,561550.SH,500增强ETF,000905.SH,中证小盘500指数,SH,华泰柏瑞基金,13165.885,1
224,159620.SZ,500成长ETF,931590.CSI,中证智选500成长创新策略指数,SZ,华夏基金,920.681,
1033,561950.SH,500指数增强ETF,000905.SH,中证小盘500指数,SH,招商基金,4466.438,
775,515590.SH,500等权ETF,000982.SH,中证500等权重指数,SH,前海开源基金,188.114,
958,560500.SH,500质量成长ETF,930939.CSI,中证500质量成长指数,SH,鹏扬基金,3585.102,
551,510800.SH,50ETF基金,000016.SH,上证50指数,SH,建信基金,7933.98,
367,159811.SZ,5G50ETF,931406.CSI,中证5G产业50指数,SZ,博时基金,1688.516,
500,159994.SZ,5GETF,931079.CSI,中证5G通信主题指数,SZ,银华基金,40035.525,
740,515050.SH,5G通信ETF,931079.CSI,中证5G通信主题指数,SH,华夏基金,176024.458,1
487,159972.SZ,5年地债ETF,930865.CSI,中证5年期地方政府债指数,SZ,鹏华基金,2069432.483,1
562,511060.SH,5年地方债ETF,950045.CSI,上证5年期地方政府债指数,SH,海富通基金,1456030.399,
787,515800.SH,800ETF,000906.SH,中证800指数,SH,汇添富基金,51212.463,1
938,560030.SH,800价值ETF,H30356.CSI,中证800价值指数,SH,汇添富基金,44.734,
138,159517.SZ,800增强ETF,000906.SH,中证800指数,SZ,银华基金,8089.658,
1114,563990.SH,800现金流ETF,932368.CSI,中证800自由现金流指数,SH,富国基金,8662.4,
85,159355.SZ,800红利低波ETF,931848.CSI,中证800红利低波动指数,SZ,华宝基金,6313.14,
1104,563680.SH,800自由现金流ETF,932368.CSI,中证800自由现金流指数,SH,汇添富基金,3592.803,
997,561180.SH,A100ETF,000903.SH,中证A100指数,SH,富国基金,2445.244,
229,159627.SZ,A100ETF,000903.SH,中证A100指数,SZ,华夏基金,3521.534,
957,560380.SH,A100ETF南方,000903.SH,中证A100指数,SH,南方基金,14163.827,
258,159661.SZ,A100ETF嘉实,000903.SH,中证A100指数,SZ,嘉实基金,5374.316,
232,159630.SZ,A100ETF基金,000903.SH,中证A100指数,SZ,汇添富基金,1450.569,
1028,561880.SH,A100ETF基金,000903.SH,中证A100指数,SH,华富基金,34305.205,
278,159686.SZ,A100ETF易方达,000903.SH,中证A100指数,SZ,易方达基金,1825.341,
80,159339.SZ,A500ETF,000510.SH,中证A500指数,SZ,银华基金,202985.315,
107,159380.SZ,A500ETF东财,000510.SH,中证A500指数,SZ,西藏东财基金,1605.892,
609,512080.SH,A500ETF中金,000510.SH,中证A500指数,SH,中金基金,111524.856,
1096,563360.SH,A500ETF华泰柏瑞,000510.SH,中证A500指数,SH,华泰柏瑞基金,3003626.053,1
82,159351.SZ,A500ETF嘉实,000510.SH,中证A500指数,SZ,嘉实基金,2950594.889,
86,159356.SZ,A500ETF基金,000510.SH,中证A500指数,SZ,万家基金,156812.042,
607,512050.SH,A500ETF基金,000510.SH,中证A500指数,SH,华夏基金,3742200.736,
92,159362.SZ,A500ETF工银,000510.SH,中证A500指数,SZ,工银瑞信基金,86159.387,
605,512020.SH,A500ETF指数,000510.SH,中证A500指数,SH,鹏华基金,79452.157,
103,159376.SZ,A500ETF指数基金,000510.SH,中证A500指数,SZ,浦银安盛基金,19282.937,
91,159361.SZ,A500ETF易方达,000510.SH,中证A500指数,SZ,易方达基金,1092892.331,
112,159386.SZ,A500ETF永赢,000510.SH,中证A500指数,SZ,永赢基金,21105.339,
1111,563860.SH,A500ETF海富通,000510.SH,中证A500指数,SH,海富通基金,37844.048,
974,560750.SH,A500ETF申万菱信,000510.SH,中证A500指数,SH,申万菱信基金,12852.124,
106,159379.SZ,A500ETF融通,000510.SH,中证A500指数,SZ,融通基金,56776.475,
1103,563660.SH,A500ETF银河,000510.SH,中证A500指数,SH,银河基金,20772.318,
1101,563630.SH,A500增强ETF,000510.SH,中证A500指数,SH,国联安基金,10038.015,
43,159249.SZ,A500增强ETF工银,000510.SH,中证A500指数,SZ,工银瑞信基金,7886.095,
1100,563550.SH,A500增强ETF摩根,000510.SH,中证A500指数,SH,摩根基金,24415.617,
966,560610.SH,A500指数ETF,000510.SH,中证A500指数,SH,招商基金,369683.69,
614,512150.SH,A50ETF,XIN9.OTH,富时中国A50指数,SH,汇安基金,2126.852,
207,159601.SZ,A50ETF,746059L.MI,MSCI中国A50互联互通(人民币)指数(本币),SZ,华夏基金,43384.27,
204,159596.SZ,A50ETF华宝,930050.CSI,中证A50指数,SZ,华宝基金,100139.185,1
1070,562890.SH,A50ETF嘉实,930050.CSI,中证A50指数,SH,嘉实基金,25972.716,
201,159592.SZ,A50ETF基金,930050.CSI,中证A50指数,SZ,银华基金,65795.509,
621,512240.SH,A50ETF龙头,930050.CSI,中证A50指数,SH,鹏华基金,9174.758,
1092,563280.SH,A50增强ETF,746059L.MI,MSCI中国A50互联互通(人民币)指数(本币),SH,富国基金,2297.717,
116,159390.SZ,A50指数ETF,930050.CSI,中证A50指数,SZ,国联基金,26158.179,
880,517100.SH,AH500ETF,H30455.CSI,中证沪港深500指数,SH,富国基金,1393.575,
1194,589380.SH,AIETF富国,950180.CSI,上证科创板人工智能指数,SH,富国基金,1908.75,
661,512930.SH,AI人工智能ETF,930713.CSI,中证人工智能主题指数,SH,平安基金,47745.654,
1094,563330.SH,A股ETF,930903.CSI,中证A股指数,SH,华泰柏瑞基金,11440.021,
374,159821.SZ,BOCI创业板ETF,399006.SZ,创业板指数,SZ,中银证券,219.27,
251,159653.SZ,ESG300ETF,399378.SZ,国证ESG300指数,SZ,国联安基金,27.293,
851,516720.SH,ESGETF,931476.CSI,中证ESG120策略指数,SH,浦银安盛基金,97.779,
301,159717.SZ,ESGETF,399378.SZ,国证ESG300指数,SZ,鹏华基金,144.826,
511,510090.SH,ESGETF基金,000048.SH,上证社会责任指数,SH,建信基金,303.207,
550,510770.SH,G60创新ETF,950049.CSI,上证G60战略新兴产业成份指数,SH,申万菱信基金,578.176,
472,159954.SZ,H股ETF,HSCEI.HI,恒生中国企业指数,SZ,南方基金,10259.997,
555,510900.SH,H股ETF,HSCEI.HI,恒生中国企业指数,SH,易方达基金,261425.548,1
666,512990.SH,MSCIA股ETF,716567L.MI,MSCI中国A股国际通(人民币)指数(本币),SH,华夏基金,8515.297,
617,512180.SH,MSCIA股ETF基金,716567L.MI,MSCI中国A股国际通(人民币)指数(本币),SH,建信基金,62.587,
610,512090.SH,MSCIA股ETF易方达,716567L.MI,MSCI中国A股国际通(人民币)指数(本币),SH,易方达基金,10752.237,1
225,159621.SZ,MSCIESGETF,721638.MI,MSCI中国A股(人民币)ESG通用指数,SZ,国泰基金,4047.486,
633,512520.SH,MSCIETF,716567.MI,MSCI中国A股国际通(人民币)指数,SH,华泰柏瑞基金,510.679,
939,560050.SH,MSCI中国A50ETF,746059L.MI,MSCI中国A50互联互通(人民币)指数(本币),SH,汇添富基金,37873.457,1
615,512160.SH,MSCI中国A股ETF,716567L.MI,MSCI中国A股国际通(人民币)指数(本币),SH,南方基金,7031.916,
626,512360.SH,MSCI中国A股ETF基金,704843.MI,MSCI中国A股国际指数,SH,平安基金,356.686,
627,512380.SH,MSCI中国ETF,718711L.MI,MSCI中国A股人民币指数(本币),SH,银华基金,5046.72,
750,515160.SH,MSCI中国ETF招商,716567L.MI,MSCI中国A股国际通(人民币)指数(本币),SH,招商基金,6662.411,
441,159909.SZ,TMT50ETF,399610.SZ,深证电子信息传媒产业50指数,SZ,招商基金,2279.134,
620,512220.SH,TMTETF,H30318.CSI,中证科技传媒通信150指数,SH,景顺长城基金,1986.64,
348,159786.SZ,VRETF,930821.CSI,中证虚拟现实主题指数,SZ,银华基金,6507.094,
749,515150.SH,一带一路ETF,000859.CSI,中证国企一带一路指数,SH,富国基金,6014.271,1
746,515110.SH,一带一路ETF易方达,000859.CSI,中证国企一带一路指数,SH,易方达基金,6759.245,
552,510810.SH,上海国企ETF,950096.CSI,中证上海国企指数,SH,汇添富基金,5896.969,
380,159830.SZ,上海金ETF,SHAU.SGE,黄金集中定价(SHAU合约),SZ,天弘基金,18395.661,
903,518600.SH,上海金ETF,SHAU.SGE,黄金集中定价(SHAU合约),SH,广发基金,46883.469,
381,159831.SZ,上海金ETF嘉实,SHAU.SGE,黄金集中定价(SHAU合约),SZ,嘉实基金,29578.75,
517,510180.SH,上证180ETF,000010.SH,上证180指数,SH,华安基金,43951.253,
930,530300.SH,上证180ETF华泰柏瑞,000010.SH,上证180指数,SH,华泰柏瑞基金,14746.601,
931,530580.SH,上证180ETF南方,000010.SH,上证180指数,SH,南方基金,24877.964,
933,530800.SH,上证180ETF基金,000010.SH,上证180指数,SH,银华基金,514.254,
927,530080.SH,上证180ETF天弘,000010.SH,上证180指数,SH,天弘基金,10909.021,
508,510040.SH,上证180ETF指数,000010.SH,上证180指数,SH,鹏华基金,3084.371,
929,530280.SH,上证180ETF指数基金,000010.SH,上证180指数,SH,平安基金,1590.772,
928,530180.SH,上证180ETF易方达,000010.SH,上证180指数,SH,易方达基金,3411.191,
932,530680.SH,上证180指数ETF基金,000010.SH,上证180指数,SH,兴业基金,22314.452,
523,510290.SH,上证380ETF,000009.SH,上证380指数,SH,南方基金,1370.596,
509,510050.SH,上证50ETF,000016.SH,上证50指数,SH,华夏基金,1598907.166,1
926,530050.SH,上证50ETF东财,000016.SH,上证50指数,SH,西藏东财基金,1550.168,
547,510710.SH,上证50ETF博时,000016.SH,上证50指数,SH,博时基金,4901.758,
546,510680.SH,上证50ETF基金,000016.SH,上证50指数,SH,万家基金,13741.015,
925,530000.SH,上证50ETF天弘,000016.SH,上证50指数,SH,天弘基金,867.747,
553,510850.SH,上证50ETF工银,000016.SH,上证50指数,SH,工银瑞信基金,5033.04,
556,510950.SH,上证50ETF广发,000016.SH,上证50指数,SH,广发基金,5261.986,
518,510190.SH,上证50ETF指数基金,000016.SH,上证50指数,SH,华安基金,4271.532,
512,510100.SH,上证50ETF易方达,000016.SH,上证50指数,SH,易方达基金,231518.604,
1086,563090.SH,上证50增强ETF易方达,000016.SH,上证50指数,SH,易方达基金,3194.844,
513,510130.SH,上证中盘ETF易方达,000044.SH,上证中盘指数,SH,易方达基金,1839.551,
563,511070.SH,上证公司债ETF,950245.CSI,上证基准做市公司债指数,SH,南方基金,3942805.514,1
519,510200.SH,上证券商ETF,950105.CSI,上证证券行业指数,SH,汇安基金,2036.184,
569,511180.SH,上证可转债ETF,950041.CSI,上证投资级可转债及可交换债券指数,SH,海富通基金,655485.585,1
520,510210.SH,上证指数ETF,000001.SH,上证综合指数,SH,富国基金,221775.192,
1065,562810.SH,上证指数增强ETF,000001.SH,上证综合指数,SH,嘉实基金,2809.682,
557,510980.SH,上证综合ETF,000001.SH,上证综合指数,SH,汇添富基金,16489.228,
549,510760.SH,上证综指ETF,000001.SH,上证综合指数,SH,国泰基金,92468.06,
1090,563210.SH,专精特新ETF,HSCSSE.HI,恒生A股专精特新企业指数,SH,富国基金,901.861,
716,513730.SH,东南亚科技ETF,ASIATECP.OTH,新交所泛东南亚科技指数,SH,华泰柏瑞基金,54799.632,
447,159918.SZ,中创400ETF,399624.SZ,中小创业企业400指数,SZ,嘉实基金,21.788,
208,159602.SZ,中国A50ETF,746059L.MI,MSCI中国A50互联互通(人民币)指数(本币),SZ,南方基金,17365.014,
1079,563000.SH,中国A50ETF,746059L.MI,MSCI中国A50互联互通(人民币)指数(本币),SH,易方达基金,34411.978,
885,517180.SH,中国国企ETF,GPCCH003.OTH,富时中国国企开放共赢指数,SH,南方基金,20209.061,
435,159902.SZ,中小100ETF,399005.SZ,中小企业100指数,SZ,华夏基金,4239.216,
689,513220.SH,中概互联ETF,930796.CSI,中证全球中国互联网指数,SH,招商基金,51560.943,
210,159605.SZ,中概互联ETF,930604.CSI,中证海外中国互联网30指数,SZ,广发基金,310139.888,
212,159607.SZ,中概互联网ETF,930604.CSI,中证海外中国互联网30指数,SZ,嘉实基金,117906.67,
672,513050.SH,中概互联网ETF,H30533.CSI,中证海外中国互联网50指数,SH,易方达基金,1345791.316,1
1051,562390.SH,中药50ETF,930641.CSI,中证中药指数,SH,银华基金,911.199,
942,560080.SH,中药ETF,930641.CSI,中证中药指数,SH,汇添富基金,18881.155,
246,159647.SZ,中药ETF,930641.CSI,中证中药指数,SZ,鹏华基金,20410.861,1
1013,561510.SH,中药ETF华泰柏瑞,930641.CSI,中证中药指数,SH,华泰柏瑞基金,2379.824,
392,159845.SZ,中证1000ETF,000852.SH,中证1000指数,SZ,华夏基金,144572.915,
611,512100.SH,中证1000ETF,000852.SH,中证1000指数,SH,南方基金,958508.578,1
822,516300.SH,中证1000ETF华泰柏瑞,000852.SH,中证1000指数,SH,华泰柏瑞基金,5512.072,
945,560110.SH,中证1000ETF基金,000852.SH,中证1000指数,SH,汇添富基金,12368.356,
1003,561280.SH,中证1000ETF增强,000852.SH,中证1000指数,SH,工银瑞信基金,1467.456,
936,560010.SH,中证1000ETF指数,000852.SH,中证1000指数,SH,广发基金,98381.354,
235,159633.SZ,中证1000ETF易方达,000852.SH,中证1000指数,SZ,易方达基金,48262.035,
1055,562530.SH,中证1000价值ETF,931588.CSI,中证智选1000价值稳健策略指数,SH,华夏基金,1789.945,
1018,561590.SH,中证1000增强ETF,000852.SH,中证1000指数,SH,华泰柏瑞基金,2988.616,
273,159679.SZ,中证1000增强ETF,000852.SH,中证1000指数,SZ,国泰基金,3241.612,
1054,562520.SH,中证1000成长ETF,931591.CSI,中证智选1000成长创新策略指数,SH,华夏基金,1245.643,
150,159531.SZ,中证2000ETF,932000.CSI,中证2000指数,SZ,南方基金,77658.222,
1093,563300.SH,中证2000ETF,932000.CSI,中证2000指数,SH,华泰柏瑞基金,259799.869,1
1062,562660.SH,中证2000ETF华夏,932000.CSI,中证2000指数,SH,华夏基金,12433.765,
153,159535.SZ,中证2000ETF嘉实,932000.CSI,中证2000指数,SZ,嘉实基金,486.845,
152,159533.SZ,中证2000ETF基金,932000.CSI,中证2000指数,SZ,博时基金,1255.698,
950,560220.SH,中证2000ETF基金,932000.CSI,中证2000指数,SH,广发基金,1673.995,
171,159556.SZ,中证2000ETF增强,932000.CSI,中证2000指数,SZ,平安基金,2904.532,
1089,563200.SH,中证2000ETF富国,932000.CSI,中证2000指数,SH,富国基金,2065.009,
151,159532.SZ,中证2000ETF易方达,932000.CSI,中证2000指数,SZ,易方达基金,11822.358,
168,159552.SZ,中证2000增强ETF,932000.CSI,中证2000指数,SZ,招商基金,28438.772,
154,159536.SZ,中证2000指数ETF,932000.CSI,中证2000指数,SZ,汇添富基金,4846.519,
450,159922.SZ,中证500ETF,000905.SH,中证小盘500指数,SZ,嘉实基金,83061.988,
534,510500.SH,中证500ETF,000905.SH,中证小盘500指数,SH,南方基金,785483.34,
631,512500.SH,中证500ETF华夏,000905.SH,中证小盘500指数,SH,华夏基金,56868.659,
632,512510.SH,中证500ETF华泰柏瑞,000905.SH,中证小盘500指数,SH,华泰柏瑞基金,17094.627,
483,159968.SZ,中证500ETF博时,000905.SH,中证小盘500指数,SZ,博时基金,1520.722,
535,510510.SH,中证500ETF基金,000905.SH,中证小盘500指数,SH,广发基金,7429.557,
78,159337.SZ,中证500ETF基金,000905.SH,中证小盘500指数,SZ,西藏东财基金,26179.126,
373,159820.SZ,中证500ETF天弘,000905.SH,中证小盘500指数,SZ,天弘基金,4235.681,
536,510530.SH,中证500ETF工银,000905.SH,中证小盘500指数,SH,工银瑞信基金,2109.4,
541,510590.SH,中证500ETF平安,000905.SH,中证小盘500指数,SH,平安基金,2653.493,
540,510580.SH,中证500ETF易方达,000905.SH,中证小盘500指数,SH,易方达基金,28677.391,
459,159935.SZ,中证500ETF景顺,000905.SH,中证小盘500指数,SZ,景顺长城基金,979.384,
771,515530.SH,中证500ETF泰康,000905.SH,中证小盘500指数,SH,泰康基金,715.964,
495,159982.SZ,中证500ETF鹏华,000905.SH,中证小盘500指数,SZ,鹏华基金,3525.428,
1046,562330.SH,中证500价值ETF,H30352.CSI,中证500价值指数,SH,银华基金,1892.323,
623,512260.SH,中证500低波动ETF,930782.CSI,中证500行业中性低波动指数,SH,华安基金,208.261,
272,159678.SZ,中证500增强ETF,000905.SH,中证小盘500指数,SZ,博时基金,1105.381,
944,560100.SH,中证500增强ETF,000905.SH,中证小盘500指数,SH,南方基金,6683.636,
1082,563030.SH,中证500增强ETF易方达,000905.SH,中证小盘500指数,SH,易方达基金,3097.12,
1047,562340.SH,中证500成长ETF,930939.CSI,中证500质量成长指数,SH,银华基金,231.755,
211,159606.SZ,中证500成长ETF,930939.CSI,中证500质量成长指数,SZ,易方达基金,8934.954,
359,159800.SZ,中证800ETF,000906.SH,中证800指数,SZ,鹏华基金,202.655,
788,515810.SH,中证800ETF,000906.SH,中证800指数,SH,易方达基金,22072.238,
233,159631.SZ,中证A100ETF,000903.SH,中证A100指数,SZ,招商基金,9527.403,
660,512910.SH,中证A100ETF,000903.SH,中证A100指数,SH,广发基金,16920.025,
451,159923.SZ,中证A100ETF基金,000903.SH,中证A100指数,SZ,大成基金,591.979,
1037,562000.SH,中证A100ETF基金,000903.SH,中证A100指数,SH,华宝基金,23522.76,
999,561200.SH,中证A100ETF工银,000903.SH,中证A100指数,SH,工银瑞信基金,706.908,
1023,561770.SH,中证A100指数ETF,000903.SH,中证A100指数,SH,博时基金,7474.268,
959,560510.SH,中证A500ETF,000510.SH,中证A500指数,SH,泰康基金,179739.152,
79,159338.SZ,中证A500ETF,000510.SH,中证A500指数,SZ,国泰基金,2247328.965,
89,159359.SZ,中证A500ETF华安,000510.SH,中证A500指数,SZ,华安基金,139429.716,
1098,563500.SH,中证A500ETF华宝,000510.SH,中证A500指数,SH,华宝基金,78612.263,
83,159352.SZ,中证A500ETF南方,000510.SH,中证A500指数,SZ,南方基金,2668272.681,1
88,159358.SZ,中证A500ETF基金,000510.SH,中证A500指数,SZ,大成基金,150730.671,
90,159360.SZ,中证A500ETF天弘,000510.SH,中证A500指数,SZ,天弘基金,85075.321,
1091,563220.SH,中证A500ETF富国,000510.SH,中证A500指数,SH,富国基金,895253.157,
16,159215.SZ,中证A500ETF指数基金,000510.SH,中证A500指数,SZ,平安基金,60593.689,
961,560530.SH,中证A500ETF摩根,000510.SH,中证A500指数,SH,摩根基金,314732.301,
84,159353.SZ,中证A500ETF景顺,000510.SH,中证A500指数,SZ,景顺长城基金,417842.159,
1109,563800.SH,中证A500ETF龙头,000510.SH,中证A500指数,SH,广发基金,956363.043,
26,159226.SZ,中证A500增强ETF,000510.SH,中证A500指数,SZ,国泰基金,10083.814,
991,561090.SH,中证A500增强ETF,000510.SH,中证A500指数,SH,华安基金,15928.054,
39,159240.SZ,中证A500增强ETF天弘,000510.SH,中证A500指数,SZ,天弘基金,2115.328,
87,159357.SZ,中证A500指数ETF,000510.SH,中证A500指数,SZ,博时基金,145980.734,
1112,563880.SH,中证A500指数ETF,000510.SH,中证A500指数,SH,汇添富基金,253163.193,
1102,563650.SH,中证A500龙头ETF,000510.SH,中证A500指数,SH,兴业基金,20369.936,
1095,563350.SH,中证A50ETF,930050.CSI,中证A50指数,SH,华泰柏瑞基金,25848.32,
200,159591.SZ,中证A50ETF,930050.CSI,中证A50指数,SZ,富国基金,49995.956,
1021,561750.SH,中证A50ETF博时,930050.CSI,中证A50指数,SH,博时基金,16433.933,
1001,561230.SH,中证A50ETF基金,930050.CSI,中证A50指数,SH,工银瑞信基金,24481.968,
203,159595.SZ,中证A50ETF基金,930050.CSI,中证A50指数,SZ,大成基金,161555.744,
622,512250.SH,中证A50ETF招商,930050.CSI,中证A50指数,SH,招商基金,4156.983,
955,560350.SH,中证A50ETF指数基金,930050.CSI,中证A50指数,SH,摩根基金,296249.022,
978,560820.SH,中证A50ETF新华,930050.CSI,中证A50指数,SH,新华基金,31600.252,
1085,563080.SH,中证A50ETF易方达,930050.CSI,中证A50指数,SH,易方达基金,187112.428,
202,159593.SZ,中证A50指数ETF,930050.CSI,中证A50指数,SZ,平安基金,269874.599,
34,159235.SZ,中证现金流ETF,932365.CSI,中证全指自由现金流指数,SZ,大成基金,94657.307,
743,515080.SH,中证红利ETF,000922.CSI,中证红利指数,SH,招商基金,253061.031,1
11,159209.SZ,中证红利质量ETF,932315.CSI,中证全指红利质量指数,SZ,招商基金,10288.865,1
986,560990.SH,中金科技先锋ETF,931447.CSI,中证科技先锋指数,SH,中金基金,90.799,
910,518890.SH,中银上海金ETF,SHAU.SGE,黄金集中定价(SHAU合约),SH,中银基金,22299.14,
753,515190.SH,中银证券500ETF,000905.SH,中证小盘500指数,SH,中银证券,65.236,
695,513310.SH,中韩半导体ETF,931790.CSI,中证韩交所中韩半导体指数,SH,华泰柏瑞基金,125396.076,1
267,159672.SZ,主要消费ETF,000932.SH,中证主要消费指数,SZ,博时基金,1857.009,
970,560660.SH,云50ETF,931469.CSI,中证云计算50指数,SH,新华基金,2837.323,1
146,159527.SZ,云计算50ETF,930851.CSI,中证云计算与大数据主题指数,SZ,广发基金,8291.936,
844,516630.SH,云计算50ETF,930851.CSI,中证云计算与大数据主题指数,SH,华夏基金,11429.104,
427,159890.SZ,云计算ETF,930851.CSI,中证云计算与大数据主题指数,SZ,招商基金,23144.239,
833,516510.SH,云计算ETF,930851.CSI,中证云计算与大数据主题指数,SH,易方达基金,133061.524,
316,159738.SZ,云计算ETF华泰柏瑞,931470.CSI,中证沪港深云计算产业指数,SZ,华泰柏瑞基金,26332.487,
892,517390.SH,云计算ETF沪港深,931470.CSI,中证沪港深云计算产业指数,SH,天弘基金,9234.244,
310,159729.SZ,互联网ETF,930625.CSI,中证沪港深互联网指数,SZ,汇添富基金,332.734,
886,517200.SH,互联网ETF,930625.CSI,中证沪港深互联网指数,SH,嘉实基金,1178.59,
877,517050.SH,互联网ETF华泰柏瑞,930625.CSI,中证沪港深互联网指数,SH,华泰柏瑞基金,4854.534,
166,159550.SZ,互联网ETF沪港深,930625.CSI,中证沪港深互联网指数,SZ,西藏东财基金,1890.276,
400,159856.SZ,互联网龙头ETF,930625.CSI,中证沪港深互联网指数,SZ,工银瑞信基金,4616.626,1
279,159687.SZ,亚太精选ETF,GPCSP006.OTH,富时亚太低碳精选指数,SZ,南方基金,19610.62,1
584,511690.SH,交易货币ETF,,,SH,大成基金,8303.679,
1006,561320.SH,交运ETF,000945.CSI,中证内地运输主题指数,SH,国泰基金,1881.831,
259,159662.SZ,交运ETF,399433.SZ,国证交通运输行业指数,SZ,南方基金,5559.667,
262,159666.SZ,交通运输ETF,H30171.CSI,中证全指运输指数,SZ,华夏基金,4006.911,
515,510160.SH,产业升级ETF,000901.SH,中证南方小康产业指数,SH,南方基金,750.087,1
898,517800.SH,人工智能50ETF,931487.CSI,中证沪港深人工智能50指数,SH,方正富邦基金,4686.755,
742,515070.SH,人工智能AIETF,930713.CSI,中证人工智能主题指数,SH,华夏基金,65153.891,
798,515980.SH,人工智能ETF,931071.CSI,中证人工智能产业指数,SH,华富基金,110279.217,
372,159819.SZ,人工智能ETF,930713.CSI,中证人工智能主题指数,SZ,易方达基金,317160.593,1
42,159246.SZ,人工智能ETF富国,970070.SZ,创业板人工智能指数,SZ,富国基金,150684.557,
1166,588760.SH,人工智能ETF科创,950180.CSI,上证科创板人工智能指数,SH,广发基金,109104.59,
606,512040.SH,价值100ETF,931052.CSI,中证国信价值指数,SH,富国基金,56528.105,
507,510030.SH,价值ETF,000029.SH,上证180价值指数,SH,华宝基金,5408.891,
46,159263.SZ,价值ETF,980081.SZ,国证价值100指数,SZ,易方达基金,93518.955,1
362,159805.SZ,传媒ETF,399971.SZ,中证传媒指数,SZ,鹏华基金,16623.997,
665,512980.SH,传媒ETF,399971.SZ,中证传媒指数,SH,广发基金,76847.832,1
805,516070.SH,低碳ETF易方达,000977.CSI,中证内地低碳经济主题指数,SH,易方达基金,13036.466,
592,511860.SH,保证金货币ETF,,,SH,博时基金,309.991,
777,515630.SH,保险证券ETF,399966.SZ,中证800证券保险指数,SH,鹏华基金,23684.138,
979,560850.SH,信创50ETF,931247.CSI,中证信息技术应用创新产业指数,SH,汇添富基金,12661.627,
155,159537.SZ,信创ETF,CN5075.SZ,国证信息技术创新主题指数,SZ,国泰基金,9625.559,
1058,562570.SH,信创ETF,931247.CSI,中证信息技术应用创新产业指数,SH,华夏基金,36867.825,1
1039,562030.SH,信创ETF基金,931247.CSI,中证信息技术应用创新产业指数,SH,华宝基金,17248.925,
156,159538.SZ,信创ETF富国,CN5075.SZ,国证信息技术创新主题指数,SZ,富国基金,7560.75,
157,159539.SZ,信创ETF广发,CN5075.SZ,国证信息技术创新主题指数,SZ,广发基金,5216.562,
158,159540.SZ,信创ETF易方达,CN5075.SZ,国证信息技术创新主题指数,SZ,易方达基金,7265.325,
1073,562920.SH,信息安全ETF,399994.SZ,中证信息安全主题指数,SH,易方达基金,2089.641,
218,159613.SZ,信息安全ETF,399994.SZ,中证信息安全主题指数,SZ,嘉实基金,2693.087,1
1057,562560.SH,信息技术ETF,000993.SH,中证全指信息技术指数,SH,华夏基金,71.495,
463,159939.SZ,信息技术ETF,000993.SH,中证全指信息技术指数,SZ,广发基金,12243.863,1
625,512330.SH,信息科技ETF,H30257.CSI,中证500信息技术指数,SH,南方基金,2001.516,
570,511190.SH,信用债ETF,950245.CSI,上证基准做市公司债指数,SH,海富通基金,903762.677,
121,159396.SZ,信用债ETF博时,921128.SZ,深证基准做市信用债指数,SZ,博时基金,1280238.047,
571,511200.SH,信用债ETF基金,950245.CSI,上证基准做市公司债指数,SH,华夏基金,2641130.816,
120,159395.SZ,信用债ETF大成,921128.SZ,深证基准做市信用债指数,SZ,大成基金,6261236.511,1
123,159398.SZ,信用债ETF天弘,921128.SZ,深证基准做市信用债指数,SZ,天弘基金,2486692.6,
122,159397.SZ,信用债ETF广发,921128.SZ,深证基准做市信用债指数,SZ,广发基金,2879516.033,
180,159566.SZ,储能电池ETF,980027.SZ,国证新能源电池指数,SZ,易方达基金,5724.673,1
53,159305.SZ,储能电池ETF广发,980027.SZ,国证新能源电池指数,SZ,广发基金,2967.838,
407,159864.SZ,光伏50ETF,931151.CSI,中证光伏产业指数,SZ,国泰基金,35121.512,
864,516880.SH,光伏50ETF,931151.CSI,中证光伏产业指数,SH,银华基金,54718.642,
401,159857.SZ,光伏ETF,931151.CSI,中证光伏产业指数,SZ,天弘基金,202705.791,1
786,515790.SH,光伏ETF,931151.CSI,中证光伏产业指数,SH,华泰柏瑞基金,1038944.639,
814,516180.SH,光伏ETF基金,931151.CSI,中证光伏产业指数,SH,平安基金,10147.774,
406,159863.SZ,光伏ETF基金,931151.CSI,中证光伏产业指数,SZ,鹏华基金,13205.286,
222,159618.SZ,光伏ETF指数基金,931151.CSI,中证光伏产业指数,SZ,华安基金,4203.721,
1077,562970.SH,光伏ETF易方达,931151.CSI,中证光伏产业指数,SH,易方达基金,2982.954,
985,560980.SH,光伏ETF龙头,931798.CSI,中证光伏龙头30指数,SH,广发基金,16736.56,
214,159609.SZ,光伏龙头ETF,931151.CSI,中证光伏产业指数,SZ,浦银安盛基金,28213.293,
821,516290.SH,光伏龙头ETF,931151.CSI,中证光伏产业指数,SH,汇添富基金,51867.741,
1107,563770.SH,全指现金流ETF,932365.CSI,中证全指自由现金流指数,SH,招商基金,7009.525,
990,561080.SH,全指现金流ETF华安,932365.CSI,中证全指自由现金流指数,SH,华安基金,17655.945,
1110,563830.SH,全指现金流ETF基金,932365.CSI,中证全指自由现金流指数,SH,博时基金,3710.994,
1106,563760.SH,全指自由现金流ETF,932365.CSI,中证全指自由现金流指数,SH,中银基金,4354.123,
561,511030.SH,公司债ETF,CBC00703.OTH,中债-中高等级公司债利差因子指数(全价),SH,平安基金,2367936.945,
566,511110.SH,公司债ETF易方达,950245.CSI,上证基准做市公司债指数,SH,易方达基金,654316.873,
949,560190.SH,公用事业ETF,000995.CSI,中证全指公用事业指数,SH,鹏华基金,1346.504,
50,159301.SZ,公用事业ETF,000995.CSI,中证全指公用事业指数,SZ,华夏基金,1934.052,1
967,560620.SH,公用事业ETF基金,000995.CSI,中证全指公用事业指数,SH,万家基金,1118.31,
539,510570.SH,兴业中证500ETF,000905.SH,中证小盘500指数,SH,兴业基金,411.923,
854,516760.SH,养殖ETF,930707.CSI,中证畜牧养殖指数,SH,平安基金,2457.081,
408,159865.SZ,养殖ETF,930707.CSI,中证畜牧养殖指数,SZ,国泰基金,113565.48,1
837,516560.SH,养老ETF,399812.SZ,中证养老产业指数,SH,华宝基金,4391.569,
642,512660.SH,军工ETF,399967.SZ,中证军工指数,SH,国泰基金,734139.07,1
636,512560.SH,军工ETF易方达,399967.SZ,中证军工指数,SH,易方达基金,70311.867,
644,512680.SH,军工ETF龙头,399967.SZ,中证军工指数,SH,广发基金,125280.529,
647,512710.SH,军工龙头ETF,931066.CSI,中证军工龙头指数,SH,富国基金,784239.791,
378,159827.SZ,农业50ETF,000949.CSI,中证农业主题指数,SZ,银华基金,389.107,
859,516810.SH,农业50ETF,000949.CSI,中证农业主题指数,SH,华夏基金,11587.646,
836,516550.SH,农业ETF,399814.SZ,中证大农业指数,SH,嘉实基金,5508.305,
377,159825.SZ,农业ETF,000949.CSI,中证农业主题指数,SZ,富国基金,48652.238,1
1071,562900.SH,农业ETF易方达,930662.CSI,中证现代农业主题指数,SH,易方达基金,7058.121,
220,159616.SZ,农牧ETF,931778.CSI,中证农牧主题指数,SZ,建信基金,1038.399,
365,159808.SZ,创100ETF融通,399006.SZ,创业板指数,SZ,融通基金,1704.094,
275,159681.SZ,创50ETF,399673.SZ,创业板50指数,SZ,鹏华基金,76901.796,1
99,159371.SZ,创50ETF富国,399673.SZ,创业板50指数,SZ,富国基金,558.576,
98,159370.SZ,创50ETF工银,399673.SZ,创业板50指数,SZ,工银瑞信基金,5794.091,
276,159682.SZ,创业50ETF,399673.SZ,创业板50指数,SZ,景顺长城基金,101569.983,
370,159814.SZ,创业大盘ETF,399293.SZ,创业板大盘指数,SZ,西部利得基金,51116.063,
187,159573.SZ,创业板200ETF华夏,399019.SZ,创业板中盘200指数,SZ,华夏基金,7701.899,
185,159571.SZ,创业板200ETF富国,399019.SZ,创业板中盘200指数,SZ,富国基金,1382.556,
186,159572.SZ,创业板200ETF易方达,399019.SZ,创业板中盘200指数,SZ,易方达基金,16553.245,
188,159575.SZ,创业板200ETF银华,399019.SZ,创业板中盘200指数,SZ,银华基金,350.553,
384,159836.SZ,创业板300ETF天弘,399012.SZ,创业板300指数,SZ,天弘基金,175.049,
470,159949.SZ,创业板50ETF,399673.SZ,创业板50指数,SZ,华安基金,784298.307,1
100,159372.SZ,创业板50ETF万家,399673.SZ,创业板50指数,SZ,万家基金,1844.045,
96,159367.SZ,创业板50ETF华夏,399673.SZ,创业板50指数,SZ,华夏基金,2998.669,
110,159383.SZ,创业板50ETF华泰柏瑞,399673.SZ,创业板50指数,SZ,华泰柏瑞基金,1273.528,
101,159373.SZ,创业板50ETF嘉实,399673.SZ,创业板50指数,SZ,嘉实基金,33430.278,
102,159375.SZ,创业板50ETF国泰,399673.SZ,创业板50指数,SZ,国泰基金,17307.507,
445,159915.SZ,创业板ETF,399006.SZ,创业板指数,SZ,易方达基金,1830798.185,1
7,159205.SZ,创业板ETF东财,399006.SZ,创业板指数,SZ,西藏东财基金,5730.716,
474,159957.SZ,创业板ETF华夏,399006.SZ,创业板指数,SZ,华夏基金,44208.425,
469,159948.SZ,创业板ETF南方,399006.SZ,创业板指数,SZ,南方基金,42967.488,
440,159908.SZ,创业板ETF博时,399006.SZ,创业板指数,SZ,博时基金,21500.75,
492,159977.SZ,创业板ETF天弘,399006.SZ,创业板指数,SZ,天弘基金,126185.259,
486,159971.SZ,创业板ETF富国,399006.SZ,创业板指数,SZ,富国基金,47031.997,
475,159958.SZ,创业板ETF工银,399006.SZ,创业板指数,SZ,工银瑞信基金,2201.268,
479,159964.SZ,创业板ETF平安,399006.SZ,创业板指数,SZ,平安基金,6716.692,
471,159952.SZ,创业板ETF广发,399006.SZ,创业板指数,SZ,广发基金,103476.696,
473,159956.SZ,创业板ETF建信,399006.SZ,创业板指数,SZ,建信基金,355.698,
366,159810.SZ,创业板ETF浦银,399006.SZ,创业板指数,SZ,浦银安盛基金,1963.273,
108,159381.SZ,创业板人工智能ETF华夏,970070.SZ,创业板人工智能指数,SZ,华夏基金,33515.546,
93,159363.SZ,创业板人工智能ETF华宝,970070.SZ,创业板人工智能指数,SZ,华宝基金,153153.289,1
109,159382.SZ,创业板人工智能ETF南方,970070.SZ,创业板人工智能指数,SZ,南方基金,9281.061,
114,159388.SZ,创业板人工智能ETF国泰,970070.SZ,创业板人工智能指数,SZ,国泰基金,11329.916,
481,159966.SZ,创业板价值ETF,399295.SZ,创业板低波价值指数,SZ,华夏基金,2771.208,
104,159377.SZ,创业板医药ETF国泰,399275.SZ,创业板医药卫生指数,SZ,国泰基金,7918.807,
269,159675.SZ,创业板增强ETF,399006.SZ,创业板指数,SZ,嘉实基金,3937.183,
270,159676.SZ,创业板增强ETF富国,399006.SZ,创业板指数,SZ,富国基金,4233.872,
482,159967.SZ,创业板成长ETF,399296.SZ,创业板动量成长指数,SZ,华夏基金,58245.837,1
205,159597.SZ,创业板成长ETF易方达,399667.SZ,创业板成长指数,SZ,易方达基金,1200.7,
97,159368.SZ,创业板新能源ETF华夏,399266.SZ,创业板新能源指数,SZ,华夏基金,2150.147,
113,159387.SZ,创业板新能源ETF国泰,399266.SZ,创业板新能源指数,SZ,国泰基金,7773.493,
44,159261.SZ,创业板新能源ETF鹏华,399266.SZ,创业板新能源指数,SZ,鹏华基金,81259.602,
338,159773.SZ,创业板科技ETF,399276.SZ,创业板科技指数,SZ,华泰柏瑞基金,1633.824,
159,159541.SZ,创业板综ETF万家,399102.SZ,创业板综合指数,SZ,万家基金,8598.886,
178,159563.SZ,创业板综ETF华夏,399102.SZ,创业板综合指数,SZ,华夏基金,935.535,
361,159804.SZ,创中盘88ETF,399291.SZ,国证创业板中盘精选88指数,SZ,国寿安保基金,50.532,
497,159991.SZ,创大盘ETF,399293.SZ,创业板大盘指数,SZ,招商基金,3304.472,
754,515200.SH,创新100ETF,931159.CSI,中证研发创新100指数,SH,申万菱信基金,1887.529,
383,159835.SZ,创新药50ETF,931152.CSI,中证创新药产业指数,SZ,建信基金,4695.636,
747,515120.SH,创新药ETF,931152.CSI,中证创新药产业指数,SH,广发基金,114200.053,
498,159992.SZ,创新药ETF,931152.CSI,中证创新药产业指数,SZ,银华基金,279814.276,1
882,517120.SH,创新药ETF华泰柏瑞,931409.CSI,中证沪港深创新药产业指数,SH,华泰柏瑞基金,7180.374,
402,159858.SZ,创新药ETF南方,931152.CSI,中证创新药产业指数,SZ,南方基金,4430.771,
881,517110.SH,创新药ETF国泰,931409.CSI,中证沪港深创新药产业指数,SH,国泰基金,6510.871,
891,517380.SH,创新药ETF天弘,HSSSHID.HI,恒生沪深港创新药精选50指数,SH,天弘基金,11951.881,
324,159748.SZ,创新药ETF富国,931409.CSI,中证沪港深创新药产业指数,SZ,富国基金,22994.735,
806,516080.SH,创新药ETF易方达,931152.CSI,中证创新药产业指数,SH,易方达基金,13165.3,
226,159622.SZ,创新药ETF沪港深,931409.CSI,中证沪港深创新药产业指数,SZ,西藏东财基金,13513.892,
804,516060.SH,创新药产业ETF,931152.CSI,中证创新药产业指数,SH,工银瑞信基金,3156.075,
983,560900.SH,创新药企ETF,931152.CSI,中证创新药产业指数,SH,摩根基金,6470.787,
341,159777.SZ,创科技ETF,399276.SZ,创业板科技指数,SZ,国联安基金,1829.068,
390,159842.SZ,券商ETF,399975.SZ,中证全指证券公司指数,SZ,银华基金,124903.245,
603,512000.SH,券商ETF,399975.SZ,中证全指证券公司指数,SH,华宝基金,813976.031,1
737,515010.SH,券商ETF基金,399975.SZ,中证全指证券公司指数,SH,华夏基金,34030.679,
789,515850.SH,券商指数ETF,399975.SZ,中证全指证券公司指数,SH,富国基金,31863.185,
810,516120.SH,化工50ETF,000813.CSI,中证细分化工产业主题指数,SH,富国基金,7802.987,
802,516020.SH,化工ETF,000813.CSI,中证细分化工产业主题指数,SH,华宝基金,10563.388,
412,159870.SZ,化工ETF,000813.CSI,中证细分化工产业主题指数,SZ,鹏华基金,55985.317,1
838,516570.SH,化工行业ETF,H11057.CSI,中证石化产业指数,SH,易方达基金,2737.872,
818,516220.SH,化工龙头ETF,000813.CSI,中证细分化工产业主题指数,SH,国泰基金,7387.415,
379,159828.SZ,医疗ETF,399989.SZ,中证医疗指数,SZ,国泰基金,41850.775,
616,512170.SH,医疗ETF,399989.SZ,中证医疗指数,SH,华宝基金,524720.204,1
857,516790.SH,医疗ETF华泰柏瑞,H30178.CSI,中证全指医疗保健设备与服务指数,SH,华泰柏瑞基金,881.534,
418,159877.SZ,医疗ETF南方,H30178.CSI,中证全指医疗保健设备与服务指数,SZ,南方基金,1029.106,
428,159891.SZ,医疗ETF基金,H30178.CSI,中证全指医疗保健设备与服务指数,SZ,建信基金,1187.749,
393,159847.SZ,医疗ETF易方达,399989.SZ,中证医疗指数,SZ,易方达基金,12288.922,
951,560260.SH,医疗ETF龙头,399989.SZ,中证医疗指数,SH,广发基金,22223.686,
331,159760.SZ,医疗健康ETF泰康,980016.SZ,国证公共卫生与医疗健康指数,SZ,泰康基金,788.069,
860,516820.SH,医疗创新ETF,931484.CSI,中证医药及医疗器械创新指数,SH,平安基金,39458.013,1
1061,562600.SH,医疗器械ETF,H30217.CSI,中证全指医疗器械指数,SH,华夏基金,1067.144,
421,159883.SZ,医疗器械ETF,H30217.CSI,中证全指医疗器械指数,SZ,永赢基金,37015.079,1
357,159797.SZ,医疗器械ETF基金,H30217.CSI,中证全指医疗器械指数,SZ,汇添富基金,5065.926,
432,159898.SZ,医疗器械指数ETF,H30217.CSI,中证全指医疗器械指数,SZ,招商基金,8591.733,
842,516610.SH,医疗服务ETF,H30178.CSI,中证全指医疗保健设备与服务指数,SH,大成基金,1502.135,
415,159873.SZ,医疗设备ETF,H30178.CSI,中证全指医疗保健设备与服务指数,SZ,天弘基金,3446.994,
386,159838.SZ,医药50ETF,931140.CSI,中证医药50指数,SZ,博时基金,2769.362,
612,512120.SH,医药50ETF,000814.SH,中证细分医药产业主题指数,SH,华安基金,6914.24,
454,159929.SZ,医药ETF,000933.SH,中证医药卫生指数,SZ,汇添富基金,66587.131,
604,512010.SH,医药ETF,000913.SH,沪深300医药卫生指数,SH,易方达基金,469152.554,1
797,515960.SH,医药ETF嘉实,931166.CSI,中证医药健康100策略指数,SH,嘉实基金,2290.997,
902,517990.SH,医药ETF沪港深,H30463.CSI,中证沪港深500医药卫生指数,SH,招商基金,1149.042,
545,510660.SH,医药卫生ETF,000037.SH,上证医药卫生行业指数,SH,华夏基金,1007.927,
462,159938.SZ,医药卫生ETF,000991.SH,中证全指医药卫生指数,SZ,广发基金,19982.504,
796,515950.SH,医药龙头ETF,931140.CSI,中证医药50指数,SH,富国基金,14756.02,
573,511260.SH,十年国债ETF,H01077.CSI,上证10年期国债指数(净价),SH,国泰基金,7367027.916,
369,159813.SZ,半导体ETF,980017.SZ,国证半导体芯片指数,SZ,鹏华基金,195790.928,
630,512480.SH,半导体ETF,H30184.CSI,中证全指半导体产品与设备指数,SH,国联安基金,981632.855,1
67,159325.SZ,半导体ETF南方,932066.CSI,中证半导体行业精选指数,SZ,南方基金,13213.865,
193,159582.SZ,半导体产业ETF,931865.CSI,中证半导体产业指数,SZ,博时基金,8389.282,
1060,562590.SH,半导体材料ETF,931743.CSI,中证半导体材料设备主题指数,SH,华夏基金,8381.39,
1035,561980.SH,半导体设备ETF,931865.CSI,中证半导体产业指数,SH,招商基金,30144.801,
137,159516.SZ,半导体设备ETF,931743.CSI,中证半导体材料设备主题指数,SZ,国泰基金,83875.612,
69,159327.SZ,半导体设备ETF基金,931743.CSI,中证半导体材料设备主题指数,SZ,万家基金,4240.609,
173,159558.SZ,半导体设备ETF易方达,931743.CSI,中证半导体材料设备主题指数,SZ,易方达基金,2756.289,
261,159665.SZ,半导体龙头ETF,980017.SZ,国证半导体芯片指数,SZ,工银瑞信基金,10212.796,
581,511650.SH,华夏快线ETF,,,SH,华夏基金,2250.081,
602,511990.SH,华宝添益ETF,,,SH,华宝基金,9627385.04,
583,511670.SH,华泰天天金ETF,,,SH,华泰证券资管,380.605,
590,511830.SH,华泰货币ETF,,,SH,华泰柏瑞基金,110.2,
8,159206.SZ,卫星ETF,980018.SZ,国证商用卫星通信产业指数,SZ,永赢基金,10239.007,1
19,159218.SZ,卫星产业ETF,931594.CSI,中证卫星产业指数,SZ,招商基金,6555.586,
346,159782.SZ,双创50ETF,931643.CSI,中证科创创业50指数,SZ,银华基金,6341.243,
1151,588380.SH,双创50ETF,931643.CSI,中证科创创业50指数,SH,富国基金,18173.179,
1148,588350.SH,双创50ETF基金,931643.CSI,中证科创创业50指数,SH,鹏扬基金,940.018,
1146,588320.SH,双创50ETF增强,931643.CSI,中证科创创业50指数,SH,广发基金,553.832,
344,159780.SZ,双创ETF,931643.CSI,中证科创创业50指数,SZ,南方基金,36570.293,
1144,588300.SH,双创ETF,931643.CSI,中证科创创业50指数,SH,招商基金,76262.867,
1145,588310.SH,双创ETF基金,931643.CSI,中证科创创业50指数,SH,方正富邦基金,921.497,
209,159603.SZ,双创龙头ETF,931643.CSI,中证科创创业50指数,SZ,天弘基金,4905.189,
1147,588330.SH,双创龙头ETF,931643.CSI,中证科创创业50指数,SH,华宝基金,15904.155,
998,561190.SH,双碳ETF,931755.CSI,中证上海环交所碳中和指数,SH,富国基金,6569.342,
242,159641.SZ,双碳ETF,931755.CSI,中证上海环交所碳中和指数,SZ,招商基金,26647.224,1
744,515090.SH,可持续发展ETF,931268.CSI,中证可持续发展100指数,SH,博时基金,101.894,
576,511380.SH,可转债ETF,931078.CSI,中证可转债及可交换债券指数,SH,博时基金,4714961.843,
1059,562580.SH,可选消费ETF,000989.SH,中证全指可选消费指数,SH,华夏基金,199.265,1
460,159936.SZ,可选消费ETF,000989.SH,中证全指可选消费指数,SZ,广发基金,732.816,
900,517880.SH,品牌消费ETF,931404.CSI,中证沪港深品牌消费50指数,SH,华泰柏瑞基金,2879.217,1
599,511960.SH,嘉实快线ETF,,,SH,嘉实基金,20,
522,510270.SH,国企ETF,000056.SH,上证国有企业100指数,SH,中银基金,200.933,
799,515990.SH,国企一带一路ETF,000859.CSI,中证国企一带一路指数,SH,汇添富基金,2532.484,
303,159719.SZ,国企共赢ETF,GPCCH003.OTH,富时中国国企开放共赢指数,SZ,平安基金,5188.853,1
147,159528.SZ,国企改革ETF,399974.SZ,中证国有企业改革指数,SZ,富国基金,565.636,
136,159515.SZ,国企红利ETF,000824.CSI,中证国有企业红利指数,SZ,鹏扬基金,969.357,
989,561060.SH,国企红利ETF,000824.CSI,中证国有企业红利指数,SH,华安基金,2026.711,
559,511010.SH,国债ETF,000140.CSI,上证5年期国债指数,SH,国泰基金,3413609.029,
560,511020.SH,国债ETF5至10年,931018.CSI,中证5-10年期国债活跃券指数,SH,平安基金,8539.42,
568,511160.SH,国债ETF东财,931552.CSI,中证1-3年国债指数,SH,西藏东财基金,1333642.296,
578,511580.SH,国债政金债ETF,932200.CSI,中证国债及政策性金融债0-3年指数,SH,招商基金,12806.941,
531,510380.SH,国寿300ETF,000300.SH,沪深300指数,SH,国寿安保基金,1936.167,
538,510560.SH,国寿500ETF,000905.SH,中证小盘500指数,SH,国寿安保基金,214.05,
600,511970.SH,国寿货币ETF,,,SH,国寿安保基金,129.999,
248,159650.SZ,国开ETF,CBA11901.OTH,中债-0-3年国开行债券指数,SZ,博时基金,2502244.152,
247,159649.SZ,国开债ETF,CBA08303.OTH,中债-1-5年国开行债券指数(全价),SZ,华安基金,532312.65,
249,159651.SZ,国开债券ETF,CBA11901.OTH,中债-0-3年国开行债券指数,SZ,平安基金,108955.295,
457,159933.SZ,国投金融地产ETF,000914.SH,沪深300金融地产指数,SZ,国投瑞银基金,583.648,
1008,561350.SH,国泰中证500ETF,000905.SH,中证小盘500指数,SH,国泰基金,19829.657,
772,515550.SH,国联中证500ETF,000905.SH,中证小盘500指数,SH,国联基金,495.693,
597,511930.SH,国联日盈货币ETF,,,SH,国联基金,290.196,
230,159628.SZ,国证2000ETF,399303.SZ,国证2000指数,SZ,万家基金,38990.576,
161,159543.SZ,国证2000ETF基金,399303.SZ,国证2000指数,SZ,工银瑞信基金,148.598,
142,159521.SZ,国证2000ETF指数基金,399303.SZ,国证2000指数,SZ,平安基金,1842.941,
127,159505.SZ,国证2000指数ETF,399303.SZ,国证2000指数,SZ,博时基金,805.093,
994,561130.SH,国货ETF,931403.CSI,中证新华社民族品牌工程指数,SH,富国基金,13101.336,
643,512670.SH,国防ETF,399973.SZ,中证国防指数,SH,鹏华基金,446072.851,1
654,512810.SH,国防军工ETF,399967.SZ,中证军工指数,SH,华宝基金,78984.426,
309,159728.SZ,在线消费ETF,399361.SZ,国证在线消费指数,SZ,南方基金,7583.936,
293,159707.SZ,地产ETF,399965.SZ,中证800地产指数,SZ,华宝基金,70851.128,
585,511700.SH,场内货币ETF,,,SH,平安基金,61015.452,
572,511220.SH,城投债ETF,H11098.CSI,上证城投债指数,SH,海富通基金,484522.413,
565,511100.SH,基准国债ETF,950243.CSI,上证基准做市国债指数,SH,华夏基金,6477.844,
236,159635.SZ,基建50ETF,930608.CSI,中证基建指数,SZ,华夏基金,5989.852,
872,516970.SH,基建50ETF,399995.SZ,中证基建工程指数,SH,广发基金,71933.977,1
223,159619.SZ,基建ETF,930608.CSI,中证基建指数,SZ,国泰基金,4651.53,
870,516950.SH,基建ETF,930608.CSI,中证基建指数,SH,银华基金,28492.114,
442,159910.SZ,基本面120ETF,399702.SZ,深证基本面120指数,SZ,嘉实基金,97.597,
650,512750.SH,基本面50ETF,000925.CSI,中证锐联基本面50指数,SH,嘉实基金,6706.623,
516,510170.SH,大宗商品ETF,000066.SH,上证大宗商品股票指数,SH,国联安基金,2650.79,
317,159739.SZ,大数据ETF,930851.CSI,中证云计算与大数据主题指数,SZ,鹏华基金,9114.39,
769,515400.SH,大数据ETF,930902.CSI,中证大数据产业指数,SH,富国基金,55031.269,1
849,516700.SH,大数据产业ETF,930902.CSI,中证大数据产业指数,SH,华宝基金,4826.76,1
664,512970.SH,大湾区ETF,931000.CSI,中证粤港澳大湾区发展主题指数,SH,平安基金,49.627,1
117,159391.SZ,大盘价值ETF,399373.SZ,国证大盘价值指数,SZ,博时基金,1596.874,
6,159203.SZ,大盘成长ETF,399372.SZ,国证大盘成长指数,SZ,博时基金,3652.966,
1084,563060.SH,央企50ETF,931823.CSI,中证国资央企50指数,SH,易方达基金,1277.311,1
977,560810.SH,央企ESGETF,931243.CSI,中证诚通央企ESG指数,SH,融通基金,246.449,
510,510060.SH,央企ETF,000042.SH,上证中央企业50指数,SH,工银瑞信基金,1045.773,
476,159959.SZ,央企ETF,000860.SH,中证央企结构调整指数,SZ,银华基金,52426.197,1
879,517090.SH,央企共赢ETF,GPCCH003.OTH,富时中国国企开放共赢指数,SH,国泰基金,16362.186,
489,159974.SZ,央企创新ETF,000861.CSI,中证央企创新驱动指数,SZ,富国基金,1989.669,
776,515600.SH,央企创新ETF,000861.CSI,中证央企创新驱动指数,SH,广发基金,5834.191,
780,515680.SH,央企创新ETF嘉实,000861.CSI,中证央企创新驱动指数,SH,嘉实基金,5752.142,
793,515900.SH,央企创新驱动ETF,000861.CSI,中证央企创新驱动指数,SH,博时基金,9036.782,
1034,561960.SH,央企回报ETF,932039.CSI,中证国新央企股东回报指数,SH,招商基金,3004.16,
662,512950.SH,央企改革ETF,000860.SH,中证央企结构调整指数,SH,华夏基金,24044.697,
1025,561790.SH,央企现代能源ETF,932037.CSI,中证国新央企现代能源指数,SH,博时基金,6521.191,
76,159335.SZ,央企科创ETF,932052.CSI,中证诚通央企科技创新指数,SZ,融通基金,1392.194,
1083,563050.SH,央企科技50ETF,932038.CSI,中证国新央企科技引领指数,SH,易方达基金,4321.554,
947,560170.SH,央企科技ETF,932038.CSI,中证国新央企科技引领指数,SH,南方基金,22973.28,
1050,562380.SH,央企科技引领ETF,932038.CSI,中证国新央企科技引领指数,SH,银华基金,1705.835,
77,159336.SZ,央企红利50ETF,931132.CSI,中证诚通央企红利指数,SZ,融通基金,1547.55,
973,560700.SH,央企红利50ETF,932039.CSI,中证国新央企股东回报指数,SH,广发基金,9820.047,
74,159332.SZ,央企红利ETF,000825.CSI,中证中央企业红利指数,SZ,富国基金,2279.073,
1017,561580.SH,央企红利ETF,000825.CSI,中证中央企业红利指数,SH,华泰柏瑞基金,22309.124,
941,560070.SH,央企红利ETF基金,932039.CSI,中证国新央企股东回报指数,SH,汇添富基金,8619.368,
663,512960.SH,央企结构调整ETF,000860.SH,中证央企结构调整指数,SH,博时基金,10842.306,
1067,562850.SH,央企能源ETF,932037.CSI,中证国新央企现代能源指数,SH,嘉实基金,7960.598,
480,159965.SZ,央视50ETF,399550.SZ,央视财经50指数,SZ,国联基金,470.323,
993,561120.SH,家电ETF,930697.CSI,中证全指家用电器指数,SH,富国基金,9245.384,
502,159996.SZ,家电ETF,930697.CSI,中证全指家用电器指数,SZ,国泰基金,54428.148,
70,159328.SZ,家电ETF易方达,931021.CSI,中证家电龙头指数,SZ,易方达基金,541.096,
981,560880.SH,家电ETF龙头,930697.CSI,中证全指家用电器指数,SH,广发基金,19092.685,
594,511900.SH,富国货币ETF,,,SH,富国基金,89343.557,
635,512550.SH,富时A50ETF嘉实,XIN9.OTH,富时中国A50指数,SH,嘉实基金,10213.666,
342,159778.SZ,工业互联ETF,931495.CSI,中证工业互联网主题指数,SZ,鹏华基金,595.139,
980,560860.SH,工业有色ETF,H11059.CSI,中证工业有色金属主题指数,SH,万家基金,29017.362,1
263,159667.SZ,工业母机ETF,931866.CSI,中证机床指数,SZ,国泰基金,39172.799,1
160,159542.SZ,工程机械ETF,931752.CSI,中证工程机械主题指数,SZ,大成基金,885.666,
952,560280.SH,工程机械ETF,931752.CSI,中证工程机械主题指数,SH,广发基金,13609.249,1
628,512390.SH,平安MSCI低波ETF,707918L.MI,MSCI中国A股国际低波(美元)指数(本币),SH,平安基金,1404.708,
596,511920.SH,广发货币ETF,,,SH,广发基金,790.502,
853,516750.SH,建材ETF,931009.CSI,中证全指建筑材料指数,SH,富国基金,13936.189,
322,159745.SZ,建材ETF,931009.CSI,中证全指建筑材料指数,SZ,国泰基金,94427.191,1
349,159787.SZ,建材ETF易方达,931009.CSI,中证全指建筑材料指数,SZ,易方达基金,188.992,
899,517850.SH,张江ETF,931596.CSI,中证沪港深张江自主创新50指数,SH,汇添富基金,383.169,
399,159855.SZ,影视ETF,930781.CSI,中证影视主题指数,SZ,银华基金,5858.693,
843,516620.SH,影视ETF,930781.CSI,中证影视主题指数,SH,国泰基金,9617.706,1
176,159561.SZ,德国ETF,GDAXI.GY,德国法兰克福DAX指数,SZ,嘉实基金,121804.429,
670,513030.SH,德国ETF,GDAXI.GY,德国法兰克福DAX指数,SH,华安基金,240592.122,1
94,159365.SZ,恒指ETF,HSISC.HI,恒指港股通指数,SZ,富国基金,8487.22,
713,513660.SH,恒生ETF,HSI.HI,恒生指数,SH,华夏基金,237961.847,
449,159920.SZ,恒生ETF,HSI.HI,恒生指数,SZ,华夏基金,877886.067,1
688,513210.SH,恒生ETF易方达,HSI.HI,恒生指数,SH,易方达基金,4459.07,
59,159312.SZ,恒生ETF港股通,HSISC.HI,恒指港股通指数,SZ,广发基金,7633.164,
477,159960.SZ,恒生中国企业ETF,HSCEI.HI,恒生中国企业指数,SZ,平安基金,7278.971,
280,159688.SZ,恒生互联网ETF,HSIII.HI,恒生互联网科技业指数,SZ,华安基金,134629.04,1
697,513330.SH,恒生互联网ETF,HSIII.HI,恒生互联网科技业指数,SH,华夏基金,2299119.037,
5,159202.SZ,恒生互联网科技ETF,HSIII.HI,恒生互联网科技业指数,SZ,万家基金,16907.48,
61,159316.SZ,恒生创新药ETF,HSSCID.HI,恒生港股通创新药指数,SZ,易方达基金,330980.23,
911,520500.SH,恒生创新药ETF,HSIDI.HI,恒生创新药指数,SH,华泰柏瑞基金,620245.252,1
673,513060.SH,恒生医疗ETF,HSHCI.HI,恒生医疗保健指数,SH,博时基金,1410810.876,
172,159557.SZ,恒生医疗ETF嘉实,HSHCI.HI,恒生医疗保健指数,SZ,嘉实基金,36657.431,
52,159303.SZ,恒生医疗ETF基金,HSHCI.HI,恒生医疗保健指数,SZ,大成基金,36925.676,
429,159892.SZ,恒生医药ETF,HSHKBIO.HI,恒生生物科技指数,SZ,华夏基金,792801.025,1
396,159850.SZ,恒生国企ETF,HSCEI.HI,恒生中国企业指数,SZ,华夏基金,33091.832,1
684,513170.SH,恒生央企ETF,HSCSOE.HI,恒生中国央企指数,SH,鹏华基金,16102.246,1
710,513600.SH,恒生指数ETF,HSI.HI,恒生指数,SH,南方基金,269293.153,
696,513320.SH,恒生新经济ETF,HSSCNE.HI,恒生港股通新经济指数,SH,易方达基金,19915.821,1
289,159699.SZ,恒生消费ETF,HSCGSI.HI,恒生消费指数,SZ,广发基金,54212.639,
733,513970.SH,恒生消费ETF,HSCGSI.HI,恒生消费指数,SH,景顺长城基金,67988.023,1
912,520520.SH,恒生消费ETF华泰柏瑞,HSCGSI.HI,恒生消费指数,SH,华泰柏瑞基金,18870.736,
62,159318.SZ,恒生港股通ETF,HSISC.HI,恒指港股通指数,SZ,银华基金,6981.327,
692,513280.SH,恒生生物科技ETF,HSHKBIO.HI,恒生生物科技指数,SH,汇添富基金,98337.262,
219,159615.SZ,恒生生物科技ETF,HSHKBIO.HI,恒生生物科技指数,SZ,南方基金,131299.382,1
318,159740.SZ,恒生科技ETF,HSTECH.HI,恒生科技指数,SZ,大成基金,1171871.668,
680,513130.SH,恒生科技ETF,HSTECH.HI,恒生科技指数,SH,华泰柏瑞基金,3211128.709,1
319,159741.SZ,恒生科技ETF嘉实,HSTECH.HI,恒生科技指数,SZ,嘉实基金,100419.109,
691,513260.SH,恒生科技ETF基金,HSTECH.HI,恒生科技指数,SH,汇添富基金,495210.582,
708,513580.SH,恒生科技ETF指数基金,HSTECH.HI,恒生科技指数,SH,华安基金,162019.857,
668,513010.SH,恒生科技ETF易方达,HSTECH.HI,恒生科技指数,SH,易方达基金,688439.027,
700,513380.SH,恒生科技ETF龙头,HSTECH.HI,恒生科技指数,SH,广发基金,287148.247,
728,513890.SH,恒生科技HKETF,HSTECH.HI,恒生科技指数,SH,摩根基金,107353.141,
320,159742.SZ,恒生科技指数ETF,HSTECH.HI,恒生科技指数,SZ,博时基金,202843.724,
685,513180.SH,恒生科技指数ETF,HSTECH.HI,恒生科技指数,SH,华夏基金,2801175.104,
732,513950.SH,恒生红利ETF,HSHYLV.HI,恒生港股通高股息低波动指数,SH,富国基金,35307.978,
308,159726.SZ,恒生红利ETF,HSMCHYI.HI,恒生中国内地企业高股息率指数,SZ,华夏基金,36426.73,
162,159545.SZ,恒生红利低波ETF,HSHYLV.HI,恒生港股通高股息低波动指数,SZ,易方达基金,214057.196,
227,159623.SZ,成渝经济圈ETF,931695.CSI,中证成渝地区双城经济圈成份指数,SZ,博时基金,3260.732,
652,512770.SH,战略新兴ETF,000171.CSI,中国战略新兴产业成份指数,SH,华夏基金,933.574,
336,159768.SZ,房地产ETF,000948.CSI,中证内地地产主题指数,SZ,银华基金,56491.269,
619,512200.SH,房地产ETF,931775.CSI,中证全指房地产指数,SH,南方基金,393569.574,1
741,515060.SH,房地产ETF基金,931775.CSI,中证全指房地产指数,SH,华夏基金,34107.067,
1,159003.SZ,招商快线ETF,,,SZ,招商基金,21059.944,
785,515770.SH,摩根MSCIAETF,718711L.MI,MSCI中国A股人民币指数(本币),SH,摩根基金,8156.088,
577,511520.SH,政金债券ETF,CBA08203.OTH,中债-7-10年政策性金融债指数(全价),SH,富国基金,8770308.005,
699,513360.SH,教育ETF,931456.CSI,中证全球中国教育主题指数,SH,博时基金,166878.278,1
255,159658.SZ,数字经济ETF,931582.CSI,中证数字经济主题指数,SZ,华安基金,5184.02,
976,560800.SH,数字经济ETF,931582.CSI,中证数字经济主题指数,SH,鹏扬基金,6367.32,
115,159389.SZ,数字经济ETF嘉实,931529.CSI,中证诚通国企数字经济指数,SZ,嘉实基金,1273.145,
111,159385.SZ,数字经济ETF富国,931529.CSI,中证诚通国企数字经济指数,SZ,富国基金,4141.427,
1000,561220.SH,数字经济ETF工银,931529.CSI,中证诚通国企数字经济指数,SH,工银瑞信基金,9156.853,
800,516000.SH,数据ETF,930902.CSI,中证大数据产业指数,SH,华夏基金,8825.029,
815,516190.SH,文娱传媒ETF,H30365.CSI,中证文娱传媒指数,SH,华夏基金,2344.452,
914,520580.SH,新兴亚洲ETF,EMASIAUP.OTH,新交所新兴亚洲精选50指数,SH,招商基金,7129.815,
850,516710.SH,新材料50ETF,H30597.CSI,中证新材料主题指数,SH,华夏基金,395.418,
332,159761.SZ,新材料50ETF,H30597.CSI,中证新材料主题指数,SZ,国泰基金,11409.128,
827,516360.SH,新材料ETF,H30597.CSI,中证新材料主题指数,SH,华宝基金,2582.566,
291,159703.SZ,新材料ETF,H30597.CSI,中证新材料主题指数,SZ,天弘基金,3988.773,
333,159763.SZ,新材料ETF基金,H30597.CSI,中证新材料主题指数,SZ,建信基金,95.288,
831,516480.SH,新材料ETF基金,H30597.CSI,中证新材料主题指数,SH,国联安基金,107.885,
865,516890.SH,新材料ETF指数基金,H30597.CSI,中证新材料主题指数,SH,平安基金,1762.137,
375,159822.SZ,新经济ETF,SPNCSCHN.OTH,标普中国新经济行业指数(A股上限),SZ,银华基金,65292.444,
820,516270.SH,新能源50ETF,000941.CSI,中证内地新能源主题指数,SH,华安基金,6890.24,
416,159875.SZ,新能源ETF,399808.SZ,中证新能源指数,SZ,嘉实基金,33272.005,
813,516160.SH,新能源ETF,399808.SZ,中证新能源指数,SH,南方基金,80432.028,1
862,516850.SH,新能源ETF基金,399808.SZ,中证新能源指数,SH,华夏基金,7428.619,
807,516090.SH,新能源ETF易方达,399808.SZ,中证新能源指数,SH,易方达基金,20246.54,
839,516580.SH,新能源主题ETF,399808.SZ,中证新能源指数,SH,博时基金,2586.11,
829,516390.SH,新能源汽车ETF,930997.CSI,中证新能源汽车产业指数,SH,汇添富基金,6485.796,
363,159806.SZ,新能源车ETF,399976.SZ,中证新能源汽车指数,SZ,国泰基金,8531.745,
739,515030.SH,新能源车ETF,399976.SZ,中证新能源汽车指数,SH,华夏基金,51995.682,1
847,516660.SH,新能源车ETF基金,399976.SZ,中证新能源汽车指数,SH,华安基金,498.668,
339,159775.SZ,新能源车电池ETF,980032.SZ,国证新能源车电池指数,SZ,建信基金,364.152,
238,159637.SZ,新能源车龙头ETF,399976.SZ,中证新能源汽车指数,SZ,西藏东财基金,8872.459,
327,159752.SZ,新能源龙头ETF,000941.CSI,中证内地新能源主题指数,SZ,申万菱信基金,3610.593,
376,159824.SZ,新能车ETF,399976.SZ,中证新能源汽车指数,SZ,博时基金,1017.855,
781,515700.SH,新能车ETF,930997.CSI,中证新能源汽车产业指数,SH,平安基金,35146.947,
537,510550.SH,方正中证500ETF,000905.SH,中证小盘500指数,SH,方正富邦基金,244.427,
766,515360.SH,方正沪深300ETF,000300.SH,沪深300指数,SH,方正富邦基金,316.451,
1053,562510.SH,旅游ETF,930633.CSI,中证旅游主题指数,SH,华夏基金,25573.197,
334,159766.SZ,旅游ETF,930633.CSI,中证旅游主题指数,SZ,富国基金,101690.813,1
720,513800.SH,日本东证指数ETF,TPX.JT,东证股价指数,SH,南方基金,19218.05,
727,513880.SH,日经225ETF,N225.JT,日经225指数,SH,华安基金,54898.349,
667,513000.SH,日经225ETF易方达,N225.JT,日经225指数,SH,易方达基金,30188.14,
409,159866.SZ,日经ETF,N225.JT,日经225指数,SZ,工银瑞信基金,35907.448,
704,513520.SH,日经ETF,N225.JT,日经225指数,SH,华夏基金,108728.428,1
58,159311.SZ,易方达中证数字经济主题ETF,931582.CSI,中证数字经济主题指数,SZ,易方达基金,,
587,511800.SH,易方达货币ETF,,,SH,易方达基金,1270.682,
935,560000.SH,智慧电车ETF,H11052.CSI,中证智能电动汽车指数,SH,浦银安盛基金,64.325,
858,516800.SH,智能制造ETF,930850.CSI,中证智能制造主题指数,SH,华宝基金,1397.646,
426,159889.SZ,智能汽车ETF,930721.CSI,中证智能汽车主题指数,SZ,国泰基金,237.505,
758,515250.SH,智能汽车ETF,930721.CSI,中证智能汽车主题指数,SH,富国基金,25441.021,1
355,159795.SZ,智能汽车ETF基金,930721.CSI,中证智能汽车主题指数,SZ,汇添富基金,786.008,
840,516590.SH,智能汽车ETF易方达,H11052.CSI,中证智能电动汽车指数,SH,易方达基金,4166.466,
795,515920.SH,智能消费ETF,930648.CSI,中证智能消费主题指数,SH,博时基金,2583.564,
828,516380.SH,智能电动车ETF,H11052.CSI,中证智能电动汽车指数,SH,华宝基金,1546.307,
414,159872.SZ,智能网联汽车ETF,930725.CSI,中证车联网主题指数,SZ,鹏华基金,341.012,
425,159888.SZ,智能车ETF,930721.CSI,中证智能汽车主题指数,SZ,华夏基金,6239.593,
304,159720.SZ,智能车ETF泰康,H11052.CSI,中证智能电动汽车指数,SZ,泰康基金,974.21,
834,516520.SH,智能驾驶ETF,930721.CSI,中证智能汽车主题指数,SH,华泰柏瑞基金,11917.559,
250,159652.SZ,有色50ETF,000811.CSI,中证细分有色金属产业主题指数,SZ,汇添富基金,18619.676,
420,159881.SZ,有色60ETF,930708.CSI,中证有色金属指数,SZ,国泰基金,7519.592,
493,159980.SZ,有色ETF,IMCI.SHF,上海期货交易所有色金属期货价格指数,SZ,大成基金,94039.166,
419,159880.SZ,有色ETF基金,399395.SZ,国证有色金属行业指数,SZ,鹏华基金,4536.594,
413,159871.SZ,有色金属ETF,930708.CSI,中证有色金属指数,SZ,银华基金,4097.74,
629,512400.SH,有色金属ETF,000819.SH,中证申万有色金属指数,SH,南方基金,181700.961,
846,516650.SH,有色金属ETF基金,000811.CSI,中证细分有色金属产业主题指数,SH,华夏基金,11587.428,
417,159876.SZ,有色龙头ETF,930708.CSI,中证有色金属指数,SZ,华宝基金,3189.11,
174,159559.SZ,机器人50ETF,980022.SZ,国证机器人产业指数,SZ,景顺长城基金,28235.97,
337,159770.SZ,机器人ETF,H30590.CSI,中证机器人指数,SZ,天弘基金,136540.007,
1052,562500.SH,机器人ETF,H30590.CSI,中证机器人指数,SH,华夏基金,496484.261,1
145,159526.SZ,机器人ETF嘉实,H30590.CSI,中证机器人指数,SZ,嘉实基金,13778.322,
15,159213.SZ,机器人ETF基金,H30590.CSI,中证机器人指数,SZ,汇添富基金,6242.822,
1049,562360.SH,机器人ETF基金,H30590.CSI,中证机器人指数,SH,银华基金,10750.105,
149,159530.SZ,机器人ETF易方达,980022.SZ,国证机器人产业指数,SZ,易方达基金,113820.494,
968,560630.SH,机器人产业ETF,H30590.CSI,中证机器人指数,SH,万家基金,9331.02,
167,159551.SZ,机器人产业ETF,H30590.CSI,中证机器人指数,SZ,国泰基金,13096.738,
260,159663.SZ,机床ETF,931866.CSI,中证机床指数,SZ,华夏基金,16969.488,1
871,516960.SH,机械ETF,000812.CSI,中证细分机械设备产业主题指数,SH,国泰基金,224.824,
423,159886.SZ,机械ETF,000812.CSI,中证细分机械设备产业主题指数,SZ,富国基金,8757.648,1
467,159944.SZ,材料ETF,000987.SH,中证全指原材料指数,SZ,广发基金,596.148,
656,512870.SH,杭州湾区ETF,931033.CSI,中证杭州湾区指数,SH,南华基金,82.277,
217,159612.SZ,标普500ETF,SPX.UN,标普500指数,SZ,国泰基金,337654.119,1
703,513500.SH,标普500ETF,SPTR500N.OTH,标普500净总收益指数,SH,博时基金,402102.4,
712,513650.SH,标普500ETF南方,SPX.UN,标普500指数,SH,南方基金,29562.646,
252,159655.SZ,标普ETF,SPX.UN,标普500指数,SZ,华夏基金,63216.891,
698,513350.SH,标普油气ETF,SPSIOP.OTH,标普石油与天然气的勘探与生产精选行业指数,SH,富国基金,61692.316,
139,159518.SZ,标普油气ETF,SPSIOP.OTH,标普石油与天然气的勘探与生产精选行业指数,SZ,嘉实基金,147114.87,
148,159529.SZ,标普消费ETF,SP5CSSUP.OTH,标普500消费精选指数,SZ,景顺长城基金,176633.971,
126,159502.SZ,标普生物科技ETF,SPSIBI.OTH,标普生物科技精选行业指数,SZ,嘉实基金,169460.807,
1041,562060.SH,标普红利ETF,CSPSADRP.OTH,标普中国A股红利机会指数,SH,华宝基金,21157.723,
969,560650.SH,核心50ETF,931526.CSI,中证企业核心竞争力50指数,SH,民生加银基金,645.244,
488,159973.SZ,民企ETF,399362.SZ,国证民企领先100指数,SZ,弘毅远方基金,421.789,
765,515350.SH,民生加银300ETF,000300.SH,沪深300指数,SH,民生加银基金,2874.273,
2,159005.SZ,汇添富快钱ETF,,,SZ,汇添富基金,9010.088,
134,159512.SZ,汽车ETF,931008.CSI,中证全指汽车指数,SZ,广发基金,9494.998,
809,516110.SH,汽车ETF,H30015.CSI,中证800汽车与零部件指数,SH,国泰基金,24212.182,
54,159306.SZ,汽车零件ETF,931230.CSI,中证汽车零部件主题指数,SZ,平安基金,357.154,
1063,562700.SH,汽车零部件ETF,931230.CSI,中证汽车零部件主题指数,SH,华夏基金,1865.041,
179,159565.SZ,汽车零部件ETF,931230.CSI,中证汽车零部件主题指数,SZ,易方达基金,1899.51,
918,520830.SH,沙特ETF,FISAULM.OTH,富时沙特阿拉伯指数,SH,华泰柏瑞基金,57756.068,
71,159329.SZ,沙特ETF,FISAULM.OTH,富时沙特阿拉伯指数,SZ,南方基金,110349.29,1
1029,561900.SH,沪深300ESGETF,931463.CSI,沪深300ESG基准指数,SH,招商基金,4408.576,
948,560180.SH,沪深300ESGETF南方,931463.CSI,沪深300ESG基准指数,SH,南方基金,9841.998,
448,159919.SZ,沪深300ETF,000300.SH,沪深300指数,SZ,嘉实基金,484644.197,
524,510300.SH,沪深300ETF,000300.SH,沪深300指数,SH,华泰柏瑞基金,2569715.942,
526,510320.SH,沪深300ETF中金,000300.SH,沪深300指数,SH,中金基金,2349.972,
527,510330.SH,沪深300ETF华夏,000300.SH,沪深300指数,SH,华夏基金,424708.763,
452,159925.SZ,沪深300ETF南方,000300.SH,沪深300指数,SZ,南方基金,138974.576,
748,515130.SH,沪深300ETF博时,000300.SH,沪深300指数,SH,博时基金,21768.459,
779,515660.SH,沪深300ETF国联安,000300.SH,沪深300指数,SH,国联安基金,1464.86,
529,510360.SH,沪深300ETF基金,000300.SH,沪深300指数,SH,广发基金,60989.23,
72,159330.SZ,沪深300ETF基金,000300.SH,沪深300指数,SZ,西藏东财基金,166487.27,
987,561000.SH,沪深300ETF增强基金,000300.SH,沪深300指数,SH,华安基金,3325.349,
764,515330.SH,沪深300ETF天弘,000300.SH,沪深300指数,SH,天弘基金,56549.761,
528,510350.SH,沪深300ETF工银,000300.SH,沪深300指数,SH,工银瑞信基金,23823.603,
532,510390.SH,沪深300ETF平安,000300.SH,沪深300指数,SH,平安基金,6395.421,
1032,561930.SH,沪深300ETF招商,000300.SH,沪深300指数,SH,招商基金,27653.844,
768,515390.SH,沪深300ETF指数基金,000300.SH,沪深300指数,SH,华安基金,36123.718,
525,510310.SH,沪深300ETF易方达,000300.SH,沪深300指数,SH,易方达基金,1060693.417,
1099,563520.SH,沪深300ETF永赢,000300.SH,沪深300指数,SH,永赢基金,25507.644,
767,515380.SH,沪深300ETF泰康,000300.SH,沪深300指数,SH,泰康基金,20703.21,
268,159673.SZ,沪深300ETF鹏华,000300.SH,沪深300指数,SZ,鹏华基金,78574.845,
132,159510.SZ,沪深300价值ETF,931586.CSI,中证智选300价值稳健策略指数,SZ,华夏基金,2441.775,
1045,562320.SH,沪深300价值ETF,000919.CSI,沪深300价值指数,SH,银华基金,13612.149,
954,560330.SH,沪深300价值ETF申万菱信,000919.CSI,沪深300价值指数,SH,申万菱信基金,3043.894,
1036,561990.SH,沪深300增强ETF,000300.SH,沪深300指数,SH,招商基金,71026.867,
143,159523.SZ,沪深300成长ETF,931589.CSI,中证智选300成长创新策略指数,SZ,华夏基金,713.536,
1044,562310.SH,沪深300成长ETF,000918.CSI,沪深300成长指数,SH,银华基金,6875.683,
119,159393.SZ,沪深300指数ETF,000300.SH,沪深300指数,SZ,万家基金,13270.056,
762,515310.SH,沪深300指数ETF,000300.SH,沪深300指数,SH,汇添富基金,20427.542,
634,512530.SH,沪深300红利ETF,000821.CSI,沪深300红利指数,SH,建信基金,3149.384,
1113,563900.SH,沪深300自由现金流ETF摩根,932366.CSI,沪深300自由现金流指数,SH,摩根基金,36986.445,
887,517300.SH,沪港深300ETF,931395.CSI,中证沪港深300指数,SH,国寿安保基金,1798.017,
876,517030.SH,沪港深300ETF易方达,931395.CSI,中证沪港深300指数,SH,易方达基金,174.935,
874,517000.SH,沪港深500ETF,H30455.CSI,中证沪港深500指数,SH,银华基金,2007.717,
878,517080.SH,沪港深500ETF基金,H30455.CSI,中证沪港深500指数,SH,汇添富基金,1251.744,
875,517010.SH,沪港深500ETF易方达,H30455.CSI,中证沪港深500指数,SH,易方达基金,3445.818,
884,517170.SH,沪港深ETF,H30455.CSI,中证沪港深500指数,SH,华夏基金,23.07,
890,517360.SH,沪港深科技ETF,931442.CSI,中证沪港深科技100指数,SH,华安基金,971.455,
287,159697.SZ,油气ETF,399439.SZ,国证石油天然气指数,SZ,鹏华基金,11041.212,
1016,561570.SH,油气ETF华泰柏瑞,H30198.CSI,中证油气产业指数,SH,华泰柏瑞基金,2462.098,
1022,561760.SH,油气ETF博时,931248.CSI,中证油气资源指数,SH,博时基金,3395.499,
1087,563150.SH,油气资源ETF,931248.CSI,中证油气资源指数,SH,银华基金,1812.221,
56,159309.SZ,油气资源ETF,931248.CSI,中证油气资源指数,SZ,汇添富基金,10482.077,
675,513080.SH,法国CAC40ETF,CAC40.FP,巴黎CAC40指数,SH,华安基金,76871.108,
618,512190.SH,浙商之江凤凰ETF,930758.CSI,中证浙江凤凰行动50指数,SH,浙商资管,77.411,
784,515760.SH,浙江国资ETF,931372.CSI,中证浙江国资创新发展指数,SH,华夏基金,1322.486,
1005,561310.SH,消电ETF,931494.CSI,中证消费电子主题指数,SH,国泰基金,3386.254,
543,510630.SH,消费30ETF,000036.SH,上证主要消费行业指数,SH,华夏基金,17780.889,
778,515650.SH,消费50ETF,931139.CSI,中证消费50指数,SH,富国基金,33540.839,
514,510150.SH,消费ETF,000069.SH,上证消费80指数,SH,招商基金,28836.768,
453,159928.SZ,消费ETF,000932.SH,中证主要消费指数,SZ,汇添富基金,223314.673,1
281,159689.SZ,消费ETF南方,000932.SH,中证主要消费指数,SZ,南方基金,3048.43,
639,512600.SH,消费ETF嘉实,000932.SH,中证主要消费指数,SH,嘉实基金,5073.06,
265,159670.SZ,消费ETF基金,931139.CSI,中证消费50指数,SZ,国联安基金,762.003,
358,159798.SZ,消费ETF易方达,931139.CSI,中证消费50指数,SZ,易方达基金,6543.12,
895,517550.SH,消费ETF沪港深,931663.CSI,中证沪港深消费龙头指数,SH,招商基金,2353.706,
971,560680.SH,消费ETF龙头,000932.SH,中证主要消费指数,SH,广发基金,11515.841,
841,516600.SH,消费服务ETF,000806.CSI,中证消费服务领先指数,SH,工银瑞信基金,4896.624,
343,159779.SZ,消费电子50ETF,931494.CSI,中证消费电子主题指数,SZ,招商基金,2814.004,
1019,561600.SH,消费电子ETF,931494.CSI,中证消费电子主题指数,SH,平安基金,6352.193,
313,159732.SZ,消费电子ETF,980030.SZ,国证消费电子主题指数,SZ,华夏基金,86006.338,
992,561100.SH,消费电子ETF富国,931494.CSI,中证消费电子主题指数,SH,富国基金,13698.639,
1075,562950.SH,消费电子ETF易方达,931494.CSI,中证消费电子主题指数,SH,易方达基金,3721.525,
811,516130.SH,消费龙头ETF,931068.CSI,中证消费龙头指数,SH,华宝基金,1805.024,
141,159520.SZ,消费龙头ETF,931068.CSI,中证消费龙头指数,SZ,工银瑞信基金,5940.708,
14,159212.SZ,深100ETF南方,399330.SZ,深证100指数,SZ,南方基金,48088.789,
485,159970.SZ,深100ETF工银,399330.SZ,深证100指数,SZ,工银瑞信基金,1175.293,
490,159975.SZ,深100ETF招商,399330.SZ,深证100指数,SZ,招商基金,4513.675,
478,159961.SZ,深100ETF方正富邦,399330.SZ,深证100指数,SZ,方正富邦基金,1372.239,
484,159969.SZ,深100ETF银华,399330.SZ,深证100指数,SZ,银华基金,893.334,
443,159912.SZ,深300ETF,399007.SZ,深证300指数,SZ,汇添富基金,1826.35,
446,159916.SZ,深F60ETF,399701.SZ,深证基本面60指数,SZ,建信基金,197.688,
444,159913.SZ,深价值ETF,399348.SZ,深证300价值指数,SZ,交银施罗德基金,8.949,
300,159716.SZ,深创100ETF,399088.SZ,深证创新100指数,SZ,华宝基金,1318.474,
436,159903.SZ,深成ETF,399001.SZ,深证成份指数,SZ,南方基金,12168.26,
438,159906.SZ,深成长龙头ETF,399326.SZ,深证成长40指数,SZ,大成基金,3278.882,
437,159905.SZ,深红利ETF,399324.SZ,深证红利指数,SZ,工银瑞信基金,55289.259,
434,159901.SZ,深证100ETF,399330.SZ,深证100指数,SZ,易方达基金,76837.375,
292,159706.SZ,深证100ETF华安,399330.SZ,深证100指数,SZ,华安基金,2346.915,
17,159216.SZ,深证100ETF大成,399330.SZ,深证100指数,SZ,大成基金,2129.194,
13,159211.SZ,深证100ETF富国,399330.SZ,深证100指数,SZ,富国基金,271.627,
189,159576.SZ,深证100ETF广发,399330.SZ,深证100指数,SZ,广发基金,5258.537,
305,159721.SZ,深证100ETF永赢,399330.SZ,深证100指数,SZ,永赢基金,816.144,
20,159219.SZ,深证100ETF融通,399330.SZ,深证100指数,SZ,融通基金,2581.973,
81,159350.SZ,深证50ETF富国,399850.SZ,深证50指数,SZ,富国基金,22694.068,
3,159150.SZ,深证50ETF易方达,399850.SZ,深证50指数,SZ,易方达基金,11132.32,
191,159578.SZ,深证主板50ETF南方,399750.SZ,深证主板50指数,SZ,南方基金,89.275,
466,159943.SZ,深证成指ETF,399001.SZ,深证成份指数,SZ,大成基金,6810.746,
598,511950.SH,添利货币ETF,,,SH,广发基金,311.4,
182,159568.SZ,港股互联网ETF,931637.CSI,中证港股通互联网指数,SZ,博时基金,79610.624,
718,513770.SH,港股互联网ETF,931637.CSI,中证港股通互联网指数,SH,华宝基金,273991.894,
719,513780.SH,港股创新药50ETF,931250.CSI,中证港股通创新药指数,SH,景顺长城基金,443372.869,
181,159567.SZ,港股创新药ETF,987018.SZ,国证港股通创新药指数,SZ,银华基金,1536535.469,
679,513120.SH,港股创新药ETF,931787CNY00.CSI,中证香港创新药人民币指数,SH,广发基金,5659821.891,
917,520700.SH,港股创新药ETF基金,931250.CSI,中证港股通创新药指数,SH,万家基金,399038.758,
95,159366.SZ,港股医疗ETF,932069.CSI,中证港股通医疗主题指数,SZ,永赢基金,27033.863,
302,159718.SZ,港股医药ETF,930965.CSI,中证港股通医药卫生综合指数,SZ,平安基金,71411.803,
140,159519.SZ,港股国企ETF,H11153.CSI,中证香港内地国有企业指数,SZ,国泰基金,20645.399,
721,513810.SH,港股国企ETF,H11153.CSI,中证香港内地国有企业指数,SH,华夏基金,22527.252,
924,520990.SH,港股央企红利50ETF,931722.CSI,中证国新港股通央企红利指数,SH,景顺长城基金,163004.482,
75,159333.SZ,港股央企红利ETF,931233.CSI,中证港股通央企红利指数,SZ,万家基金,39486.698,
730,513910.SH,港股央企红利ETF,931233.CSI,中证港股通央企红利指数,SH,华夏基金,152264.386,
12,159210.SZ,港股汽车ETF,931239.CSI,中证港股通汽车产业主题指数,SZ,汇添富基金,17551.938,
915,520600.SH,港股汽车ETF,931239.CSI,中证港股通汽车产业主题指数,SH,广发基金,188349.311,
36,159237.SZ,港股汽车ETF基金,931239.CSI,中证港股通汽车产业主题指数,SZ,工银瑞信基金,9985.052,
47,159265.SZ,港股消费50ETF,987024.SZ,国证港股通消费主题指数,SZ,鹏华基金,41424.992,
690,513230.SH,港股消费ETF,931454.CSI,中证港股通消费主题指数,SH,华夏基金,29034.933,
314,159735.SZ,港股消费ETF,931454.CSI,中证港股通消费主题指数,SZ,银华基金,38672.333,
674,513070.SH,港股消费ETF易方达,931454.CSI,中证港股通消费主题指数,SH,易方达基金,25220.088,
683,513160.SH,港股科技30ETF,HSSCT.HI,恒生港股通中国科技指数,SH,银华基金,326238.883,
325,159750.SZ,港股科技50ETF,931574.CSI,中证香港科技指数,SZ,招商基金,64308.553,
734,513980.SH,港股科技50ETF,931573.CSI,中证港股通科技指数,SH,景顺长城基金,564891.934,
326,159751.SZ,港股科技ETF,931573CNY00.CSI,中证港股通科技人民币指数,SZ,鹏华基金,51316.319,
669,513020.SH,港股科技ETF,931573.CSI,中证港股通科技指数,SH,国泰基金,125125.162,
723,513830.SH,港股红利ETF,930914.CSI,中证港股通高股息投资指数,SH,嘉实基金,17652.126,
283,159691.SZ,港股红利ETF,930839.CSI,中证港股通高股息精选指数,SZ,工银瑞信基金,113280.237,
714,513690.SH,港股红利ETF博时,HSSCHKY.HI,恒生港股通高股息率指数,SH,博时基金,180450.974,
722,513820.SH,港股红利ETF基金,930914.CSI,中证港股通高股息投资指数,SH,汇添富基金,119344.169,
183,159569.SZ,港股红利低波ETF,987016.SZ,国证港股通红利低波动率指数,SZ,景顺长城基金,63839.502,
913,520550.SH,港股红利低波ETF,HSHYLV.HI,恒生港股通高股息低波动指数,SH,招商基金,70306.269,
711,513630.SH,港股红利指数ETF,SPAHLVCP.OTH,标普港股通低波红利指数,SH,摩根基金,365098.545,
729,513900.SH,港股通100ETF,CES100.OTH,中华交易服务港股通精选100指数,SH,华安基金,17591.281,
350,159788.SZ,港股通100ETF,930957.CSI,中证港股通中国100指数,SZ,易方达基金,19011.55,
297,159712.SZ,港股通50ETF,930931.CSI,中证港股通50指数,SZ,国泰基金,14092.455,
706,513550.SH,港股通50ETF,930931.CSI,中证港股通50指数,SH,华泰柏瑞基金,61094.574,
296,159711.SZ,港股通ETF,930931.CSI,中证港股通50指数,SZ,华夏基金,7869.208,
735,513990.SH,港股通ETF,H50069.CSI,上证港股通指数,SH,招商基金,12654.438,
671,513040.SH,港股通互联网ETF,931637.CSI,中证港股通互联网指数,SH,易方达基金,43963.354,
353,159792.SZ,港股通互联网ETF,931637.CSI,中证港股通互联网指数,SZ,富国基金,1689815.929,
919,520880.SH,港股通创新药ETF,HSSCPB.HI,恒生港股通创新药精选指数,SH,华宝基金,70608.323,
184,159570.SZ,港股通创新药ETF,987018.SZ,国证港股通创新药指数,SZ,汇添富基金,1785176.531,
18,159217.SZ,港股通创新药ETF工银,987018.SZ,国证港股通创新药指数,SZ,工银瑞信基金,638737.921,
128,159506.SZ,港股通医疗ETF富国,HSSCHI.HI,恒生港股通医疗保健指数,SZ,富国基金,590831.511,
340,159776.SZ,港股通医药ETF,930965.CSI,中证港股通医药卫生综合指数,SZ,银华基金,51031.446,
687,513200.SH,港股通医药ETF,930965.CSI,中证港股通医药卫生综合指数,SH,易方达基金,246528.237,
731,513920.SH,港股通央企红利ETF,HSSCSOY.HI,恒生港股通中国央企红利指数,SH,华安基金,123407.792,
916,520660.SH,港股通央企红利ETF南方,931722CNY100.CSI,中证国新港股通央企红利人民币中间价指数,SH,南方基金,37522.34,
922,520940.SH,港股通恒生ETF,HSISC.HI,恒指港股通指数,SH,华安基金,7342.641,
66,159323.SZ,港股通汽车ETF,931239.CSI,中证港股通汽车产业主题指数,SZ,华夏基金,41924.693,
38,159239.SZ,港股通汽车ETF富国,HSSCAM.HI,恒生港股通汽车主题指数,SZ,富国基金,12712.026,
41,159245.SZ,港股通消费ETF,987024.SZ,国证港股通消费主题指数,SZ,富国基金,8936.761,
923,520980.SH,港股通科技30ETF,HSSCT.HI,恒生港股通中国科技指数,SH,汇添富基金,181290.547,
237,159636.SZ,港股通科技30ETF,987008.SZ,国证港股通科技指数,SZ,工银瑞信基金,452473.124,1
45,159262.SZ,港股通科技ETF,HSSCITI.HI,恒生港股通科技主题指数,SZ,广发基金,126633.549,
725,513860.SH,港股通科技ETF,931573CNY00.CSI,中证港股通科技人民币指数,SH,海富通基金,129009.854,
682,513150.SH,港股通科技ETF华泰柏瑞,931573.CSI,中证港股通科技指数,SH,华泰柏瑞基金,26268.966,
48,159269.SZ,港股通科技ETF南方,931573CNY00.CSI,中证港股通科技人民币指数,SZ,南方基金,63268.583,
21,159220.SZ,港股通红利ETF,SPAHLVCP.OTH,标普港股通低波红利指数,SZ,华宝基金,12881.517,
705,513530.SH,港股通红利ETF,930915.CSI,中证港股通高股息投资人民币指数,SH,华泰柏瑞基金,75971.057,1
920,520890.SH,港股通红利低波ETF,HSHYLV.HI,恒生港股通高股息低波动指数,SH,华泰柏瑞基金,5765.47,
686,513190.SH,港股通金融ETF,H11146.CSI,中证港股通内地金融指数,SH,华夏基金,746078.592,
717,513750.SH,港股通非银ETF,931028.CSI,中证港股通非银行金融主题人民币指数,SH,广发基金,1512839.7,
681,513140.SH,港股金融ETF,H30106.CSI,中证香港300金融服务指数,SH,华泰柏瑞基金,56540.579,
51,159302.SZ,港股高股息ETF,930914.CSI,中证港股通高股息投资指数,SZ,银华基金,27107.14,
801,516010.SH,游戏ETF,930901.CSI,中证动漫游戏指数,SH,国泰基金,108454.845,1
411,159869.SZ,游戏ETF,930901.CSI,中证动漫游戏指数,SZ,华夏基金,621072.096,
855,516770.SH,游戏ETF华泰柏瑞,930901.CSI,中证动漫游戏指数,SH,华泰柏瑞基金,24550.703,
897,517770.SH,游戏传媒ETF,931580.CSI,中证沪港深游戏及文化传媒指数,SH,浦银安盛基金,1343.559,
321,159743.SZ,湖北ETF,931393.CSI,中证湖北新旧动能转换指数,SZ,博时基金,129.454,
491,159976.SZ,湾创ETF,980001.SZ,粤港澳大湾区创新100指数,SZ,工银瑞信基金,41.709,
1012,561500.SH,漂亮50ETF,931526.CSI,中证企业核心竞争力50指数,SH,华泰柏瑞基金,579.805,
756,515220.SH,煤炭ETF,399998.SZ,中证煤炭指数,SH,国泰基金,989659.114,
867,516910.SH,物流ETF,930716.CSI,中证现代物流指数,SH,富国基金,21122.152,
835,516530.SH,物流快递ETF,930716.CSI,中证现代物流指数,SH,银华基金,878.992,
819,516260.SH,物联网50ETF,930712.CSI,中证物联网主题指数,SH,华夏基金,416.58,
825,516330.SH,物联网ETF,930712.CSI,中证物联网主题指数,SH,华泰柏瑞基金,919.792,
431,159896.SZ,物联网ETF南方,930712.CSI,中证物联网主题指数,SZ,南方基金,19373.528,1
295,159709.SZ,物联网ETF工银,399285.SZ,深证物联网50指数,SZ,工银瑞信基金,116.727,
290,159701.SZ,物联网ETF招商,930712.CSI,中证物联网主题指数,SZ,招商基金,337.587,
430,159895.SZ,物联网ETF易方达,930712.CSI,中证物联网主题指数,SZ,易方达基金,17.528,
896,517660.SH,物联网ETF沪港深,931575.CSI,中证沪港深物联网主题指数,SH,天弘基金,868.464,
638,512580.SH,环保ETF,000827.SH,中证环保产业指数,SH,广发基金,11202.382,
124,159399.SZ,现金流ETF,FCFQCD.OTH,富时中国A股自由现金流聚焦指数,SZ,国泰基金,297683.819,
830,516460.SH,现金流ETF800,932368.CSI,中证800自由现金流指数,SH,鹏华基金,532.825,
613,512130.SH,现金流ETF中证全指,932365.CSI,中证全指自由现金流指数,SH,鹏华基金,8891.522,
1097,563390.SH,现金流ETF全指,932365.CSI,中证全指自由现金流指数,SH,华泰柏瑞基金,113705.516,
32,159232.SZ,现金流ETF南方,932365.CSI,中证全指自由现金流指数,SZ,南方基金,79110.56,
22,159221.SZ,现金流ETF嘉实,980092.SZ,国证自由现金流指数,SZ,嘉实基金,31392.909,
25,159225.SZ,现金流ETF基金,980092.SZ,国证自由现金流指数,SZ,银华基金,4897.993,
24,159223.SZ,现金流ETF永赢,980092.SZ,国证自由现金流指数,SZ,永赢基金,25968.749,
1108,563780.SH,现金流全指ETF,932365.CSI,中证全指自由现金流指数,SH,方正富邦基金,7152.947,
601,511980.SH,现金添富ETF,,,SH,汇添富基金,308.089,
588,511810.SH,理财金货币ETF,,,SH,南方基金,11356.82,
624,512290.SH,生物医药ETF,930726.CSI,中证生物医药指数,SH,国泰基金,62351.591,1
403,159859.SZ,生物医药ETF,399441.SZ,国证生物医药指数,SZ,天弘基金,76846.74,
130,159508.SZ,生物医药ETF基金,399441.SZ,国证生物医药指数,SZ,华安基金,902.711,
254,159657.SZ,生物疫苗ETF,980015.SZ,国证疫苗与生物科技指数,SZ,鹏华基金,2566.871,
1068,562860.SH,生物疫苗ETF,931992.CSI,中证疫苗与生物技术指数,SH,嘉实基金,12450.514,
832,516500.SH,生物科技ETF,930743.CSI,中证生物科技主题指数,SH,华夏基金,2695.84,
385,159837.SZ,生物科技ETF,930743.CSI,中证生物科技主题指数,SZ,易方达基金,20243.882,
869,516930.SH,生物科技ETF基金,930743.CSI,中证生物科技主题指数,SH,民生加银基金,592.446,
395,159849.SZ,生物科技指数ETF,930743.CSI,中证生物科技主题指数,SZ,招商基金,2018.545,
387,159839.SZ,生物药ETF,399441.SZ,国证生物医药指数,SZ,汇添富基金,15823.73,
542,510600.SH,申万上证50ETF,000016.SH,上证50指数,SH,申万菱信基金,1824.656,
953,560300.SH,电信50ETF,931235.CSI,中证电信主题指数,SH,汇添富基金,2736.079,1
129,159507.SZ,电信ETF,399389.SZ,国证通信指数,SZ,广发基金,1081.244,
1080,563010.SH,电信ETF,931235.CSI,中证电信主题指数,SH,易方达基金,1323.773,
972,560690.SH,电信ETF基金,931235.CSI,中证电信主题指数,SH,鹏华基金,131.137,
1015,561560.SH,电力ETF,H30199.CSI,中证全指电力公用事业指数,SH,华泰柏瑞基金,50119.734,
216,159611.SZ,电力ETF,H30199.CSI,中证全指电力公用事业指数,SZ,广发基金,252365.65,1
964,560580.SH,电力ETF南方,H30199.CSI,中证全指电力公用事业指数,SH,南方基金,3939.95,
1020,561700.SH,电力ETF基金,H30199.CSI,中证全指电力公用事业指数,SH,博时基金,6449.019,
1048,562350.SH,电力指数ETF,H30199.CSI,中证全指电力公用事业指数,SH,银华基金,2071.657,
763,515320.SH,电子50ETF,931461.CSI,中证电子50指数,SH,华安基金,1236.39,
759,515260.SH,电子ETF,931461.CSI,中证电子50指数,SH,华宝基金,5897.668,
503,159997.SZ,电子ETF,930652.CSI,中证电子指数,SZ,天弘基金,14329.333,
329,159757.SZ,电池30ETF,980032.SZ,国证新能源车电池指数,SZ,景顺长城基金,5259.285,
356,159796.SZ,电池50ETF,931719.CSI,中证电池主题指数,SZ,汇添富基金,20555.914,
1030,561910.SH,电池ETF,931719.CSI,中证电池主题指数,SH,招商基金,34286.872,1
328,159755.SZ,电池ETF,980032.SZ,国证新能源车电池指数,SZ,广发基金,111311.164,
1069,562880.SH,电池ETF嘉实,931719.CSI,中证电池主题指数,SH,嘉实基金,12976.011,
335,159767.SZ,电池龙头ETF,980032.SZ,国证新能源车电池指数,SZ,兴银基金,1183.002,
63,159320.SZ,电网ETF,HSCAUPG.HI,恒生A股电网设备指数,SZ,广发基金,2421.787,
1011,561380.SH,电网ETF,HSCAUPG.HI,恒生A股电网设备指数,SH,国泰基金,5198.698,1
68,159326.SZ,电网设备ETF,931994.CSI,中证电网设备主题指数,SZ,华夏基金,2763.842,1
410,159867.SZ,畜牧ETF,930707.CSI,中证畜牧养殖指数,SZ,鹏华基金,10861.983,
848,516670.SH,畜牧养殖ETF,930707.CSI,中证畜牧养殖指数,SH,招商基金,26065.246,
244,159643.SZ,疫苗ETF,980015.SZ,国证疫苗与生物科技指数,SZ,国泰基金,2022.363,
245,159645.SZ,疫苗ETF富国,980015.SZ,国证疫苗与生物科技指数,SZ,富国基金,274.029,
1031,561920.SH,疫苗龙头ETF,931992.CSI,中证疫苗与生物技术指数,SH,招商基金,161.083,
575,511360.SH,短融ETF,H11014.CSI,中证短融指数,SH,海富通基金,10191893.16,
312,159731.SZ,石化ETF,H11057.CSI,中证石化产业指数,SZ,华夏基金,1059.047,
1009,561360.SH,石油ETF,H30198.CSI,中证油气产业指数,SH,国泰基金,22949.981,
197,159588.SZ,石油天然气ETF,399439.SZ,国证石油天然气指数,SZ,景顺长城基金,14060.334,
282,159690.SZ,矿业ETF,931892.CSI,中证有色金属矿业主题指数,SZ,招商基金,873.891,
1007,561330.SH,矿业ETF,931892.CSI,中证有色金属矿业主题指数,SH,国泰基金,1809.896,
243,159642.SZ,碳中和100ETF,931755.CSI,中证上海环交所碳中和指数,SZ,大成基金,481.38,
404,159861.SZ,碳中和50ETF,930614.CSI,中证环保产业50指数,SZ,国泰基金,5477.063,
940,560060.SH,碳中和ETF,931755.CSI,中证上海环交所碳中和指数,SH,汇添富基金,1966.228,
351,159790.SZ,碳中和ETF,000977.CSI,中证内地低碳经济主题指数,SZ,华夏基金,32024.067,1
240,159639.SZ,碳中和ETF南方,931755.CSI,中证上海环交所碳中和指数,SZ,南方基金,7373.951,
1043,562300.SH,碳中和ETF基金,000977.CSI,中证内地低碳经济主题指数,SH,银华基金,251.846,
422,159885.SZ,碳中和ETF基金,000977.CSI,中证内地低碳经济主题指数,SZ,鹏华基金,4425.05,
1078,562990.SH,碳中和ETF易方达,931755.CSI,中证上海环交所碳中和指数,SH,易方达基金,7905.444,
963,560560.SH,碳中和ETF泰康,000977.CSI,中证内地低碳经济主题指数,SH,泰康基金,2407.433,
962,560550.SH,碳中和ETF龙头,931755.CSI,中证上海环交所碳中和指数,SH,广发基金,2939.239,
241,159640.SZ,碳中和龙头ETF,931755.CSI,中证上海环交所碳中和指数,SZ,工银瑞信基金,4135.014,
1133,588190.SH,科创100ETF,000698.SH,上证科创板100指数,SH,银华基金,123861.169,1
1170,588800.SH,科创100ETF华夏,000698.SH,上证科创板100指数,SH,华夏基金,411616.724,
1178,588880.SH,科创100ETF华泰柏瑞,000698.SH,上证科创板100指数,SH,华泰柏瑞基金,23083.071,
1180,588900.SH,科创100ETF南方,000698.SH,上证科创板100指数,SH,南方基金,17859.286,
1136,588220.SH,科创100ETF基金,000698.SH,上证科创板100指数,SH,鹏华基金,162949.212,
1160,588680.SH,科创100ETF增强指数基金,000698.SH,上证科创板100指数,SH,广发基金,1394.889,
1135,588210.SH,科创100ETF易方达,000698.SH,上证科创板100指数,SH,易方达基金,2869.196,
1209,589980.SH,科创100ETF汇添富,000698.SH,上证科创板100指数,SH,汇添富基金,9777.2,
1156,588500.SH,科创100增强ETF易方达,000698.SH,上证科创板100指数,SH,易方达基金,1695.163,
1118,588030.SH,科创100指数ETF,000698.SH,上证科创板100指数,SH,博时基金,143329.725,
1137,588230.SH,科创200ETF,000699.SH,上证科创板200指数,SH,华泰柏瑞基金,11646.636,
1172,588820.SH,科创200ETF基金,000699.SH,上证科创板200指数,SH,华夏基金,1342.067,
1138,588240.SH,科创200ETF指数,000699.SH,上证科创板200指数,SH,鹏华基金,19566.346,
1141,588270.SH,科创200ETF易方达,000699.SH,上证科创板200指数,SH,易方达基金,1978.449,
1115,588000.SH,科创50ETF,000688.SH,上证科创板50成份指数,SH,华夏基金,2765469.4,1
1163,588720.SH,科创50ETF中银,000688.SH,上证科创板50成份指数,SH,中银基金,967.29,
1129,588150.SH,科创50ETF南方,000688.SH,上证科创板50成份指数,SH,南方基金,17645.198,
1132,588180.SH,科创50ETF基金,000688.SH,上证科创板50成份指数,SH,国联安基金,20040.929,
1154,588450.SH,科创50ETF增强,000688.SH,上证科创板50成份指数,SH,招商基金,6068.019,
1183,588940.SH,科创50ETF富国,000688.SH,上证科创板50成份指数,SH,富国基金,10765.756,
1119,588040.SH,科创50ETF指数,000688.SH,上证科创板50成份指数,SH,鹏华基金,1470.002,
1142,588280.SH,科创50ETF指数基金,000688.SH,上证科创板50成份指数,SH,华安基金,10482.969,
1184,588950.SH,科创50ETF景顺,000688.SH,上证科创板50成份指数,SH,景顺长城基金,2194.398,
1121,588060.SH,科创50ETF龙头,000688.SH,上证科创板50成份指数,SH,广发基金,116012.591,
1155,588460.SH,科创50增强ETF,000688.SH,上证科创板50成份指数,SH,鹏华基金,21381.216,
1150,588370.SH,科创50增强ETF南方,000688.SH,上证科创板50成份指数,SH,南方基金,3085.506,
1177,588870.SH,科创50指数ETF,000688.SH,上证科创板50成份指数,SH,汇添富基金,30094.16,
1169,588790.SH,科创AIETF,950180.CSI,上证科创板人工智能指数,SH,博时基金,150447.873,
1120,588050.SH,科创ETF,000688.SH,上证科创板50成份指数,SH,工银瑞信基金,181828.303,
1164,588730.SH,科创人工智能ETF,950180.CSI,上证科创板人工智能指数,SH,易方达基金,56832.254,
1188,589010.SH,科创人工智能ETF华夏,950180.CSI,上证科创板人工智能指数,SH,华夏基金,14814.004,
1196,589520.SH,科创人工智能ETF华宝,950180.CSI,上证科创板人工智能指数,SH,华宝基金,19983.733,
1181,588910.SH,科创价值ETF,950333.CSI,上证智选科创板创新价值指数,SH,建信基金,19194.538,
1140,588260.SH,科创信息ETF,000682.SH,上证科创板新一代信息技术指数,SH,华安基金,1784.237,
1125,588100.SH,科创信息技术ETF,000682.SH,上证科创板新一代信息技术指数,SH,嘉实基金,12277.136,
1167,588770.SH,科创信息技术ETF摩根,000682.SH,上证科创板新一代信息技术指数,SH,摩根基金,5178.597,
1152,588390.SH,科创创业50ETF,931643.CSI,中证科创创业50指数,SH,博时基金,9529.644,
347,159783.SZ,科创创业50ETF,931643.CSI,中证科创创业50指数,SZ,华夏基金,22692.614,
1158,588660.SH,科创创业50ETF基金,931643.CSI,中证科创创业50指数,SH,兴银基金,4995.364,
1149,588360.SH,科创创业ETF,931643.CSI,中证科创创业50指数,SH,国泰基金,20569.742,
345,159781.SZ,科创创业ETF,931643.CSI,中证科创创业50指数,SZ,易方达基金,65195.94,
1153,588400.SH,科创创业ETF嘉实,931643.CSI,中证科创创业50指数,SH,嘉实基金,24546.78,
1176,588860.SH,科创医药ETF,000683.SH,上证科创板生物医药指数,SH,工银瑞信基金,15280.884,
1161,588700.SH,科创医药ETF嘉实,000683.SH,上证科创板生物医药指数,SH,嘉实基金,32536.482,
1128,588130.SH,科创医药ETF基金,000683.SH,上证科创板生物医药指数,SH,华夏基金,3024.059,
1131,588170.SH,科创半导体ETF,950125.CSI,上证科创板半导体材料设备主题指数,SH,华夏基金,33663.853,1
1162,588710.SH,科创半导体设备ETF,950125.CSI,上证科创板半导体材料设备主题指数,SH,华泰柏瑞基金,6078.562,
1157,588520.SH,科创增强ETF,000681.SH,上证科创板综合价格指数,SH,永赢基金,20507.233,
1117,588020.SH,科创成长50ETF,000690.SH,上证科创板成长指数,SH,易方达基金,16158.349,1
1126,588110.SH,科创成长ETF,000690.SH,上证科创板成长指数,SH,广发基金,7354.092,
1202,589700.SH,科创成长ETF南方,000690.SH,上证科创板成长指数,SH,南方基金,5921.708,
1116,588010.SH,科创新材料ETF,000689.SH,上证科创板新材料指数,SH,博时基金,9985.177,
1192,589180.SH,科创新材料ETF汇添富,000689.SH,上证科创板新材料指数,SH,汇添富基金,5100.811,
1173,588830.SH,科创新能源ETF,000692.SH,上证科创板新能源指数,SH,鹏华基金,69479.15,1
1175,588850.SH,科创机械ETF,000693.SH,上证科创板工业机械指数,SH,嘉实基金,785.388,
1130,588160.SH,科创材料ETF,000689.SH,上证科创板新材料指数,SH,南方基金,2042.522,
1127,588120.SH,科创板100ETF,000698.SH,上证科创板100指数,SH,国泰基金,48731.441,
1123,588080.SH,科创板50ETF,000688.SH,上证科创板50成份指数,SH,易方达基金,557310.019,
1174,588840.SH,科创板50ETF基金,000688.SH,上证科创板50成份指数,SH,万家基金,2445.725,
1124,588090.SH,科创板ETF,000688.SH,上证科创板50成份指数,SH,华泰柏瑞基金,60168.625,
1182,588930.SH,科创板人工智能ETF,950180.CSI,上证科创板人工智能指数,SH,银华基金,71445.745,
1122,588070.SH,科创板成长ETF,000690.SH,上证科创板成长指数,SH,万家基金,738.144,
1185,588960.SH,科创板新能源ETF,000692.SH,上证科创板新能源指数,SH,富国基金,4069.03,
1139,588250.SH,科创生物医药ETF,000683.SH,上证科创板生物医药指数,SH,鹏华基金,10202.257,
1189,589060.SH,科创综指ETF东财,000681.SH,上证科创板综合价格指数,SH,西藏东财基金,3651.912,
1197,589580.SH,科创综指ETF兴银,000681.SH,上证科创板综合价格指数,SH,兴银基金,1284.16,
1187,589000.SH,科创综指ETF华夏,000680.SH,上证科创板综合指数,SH,华夏基金,147331.281,
1210,589990.SH,科创综指ETF华泰柏瑞,000680.SH,上证科创板综合指数,SH,华泰柏瑞基金,14066.945,
1200,589660.SH,科创综指ETF南方,000680.SH,上证科创板综合指数,SH,南方基金,36460.027,
1208,589900.SH,科创综指ETF博时,000680.SH,上证科创板综合指数,SH,博时基金,55756.277,
1193,589300.SH,科创综指ETF嘉实,000680.SH,上证科创板综合指数,SH,嘉实基金,1164.997,
1199,589630.SH,科创综指ETF国泰,000680.SH,上证科创板综合指数,SH,国泰基金,43184.997,
1205,589860.SH,科创综指ETF天弘,000680.SH,上证科创板综合指数,SH,天弘基金,79579.681,
1198,589600.SH,科创综指ETF富国,000681.SH,上证科创板综合价格指数,SH,富国基金,20422.644,
1195,589500.SH,科创综指ETF工银,000681.SH,上证科创板综合价格指数,SH,工银瑞信基金,14490.689,
1206,589880.SH,科创综指ETF建信,000680.SH,上证科创板综合指数,SH,建信基金,19161.17,
1203,589770.SH,科创综指ETF招商,000680.SH,上证科创板综合指数,SH,招商基金,57029.677,
1204,589800.SH,科创综指ETF易方达,000680.SH,上证科创板综合指数,SH,易方达基金,117235.42,
1207,589890.SH,科创综指ETF景顺,000681.SH,上证科创板综合价格指数,SH,景顺长城基金,18094.162,
1190,589080.SH,科创综指ETF汇添富,000680.SH,上证科创板综合指数,SH,汇添富基金,32140.818,
1201,589680.SH,科创综指ETF鹏华,000680.SH,上证科创板综合指数,SH,鹏华基金,97482.833,
1159,588670.SH,科创综指增强ETF,000680.SH,上证科创板综合指数,SH,嘉实基金,12697.743,
1165,588750.SH,科创芯片50ETF,000685.SH,上证科创板芯片指数,SH,汇添富基金,36063.145,
1134,588200.SH,科创芯片ETF,000685.SH,上证科创板芯片指数,SH,嘉实基金,1075483.569,
1179,588890.SH,科创芯片ETF南方,000685.SH,上证科创板芯片指数,SH,南方基金,24921.571,
1186,588990.SH,科创芯片ETF博时,000685.SH,上证科创板芯片指数,SH,博时基金,10131.629,
1191,589100.SH,科创芯片ETF国泰,000685.SH,上证科创板芯片指数,SH,国泰基金,11889.354,
1143,588290.SH,科创芯片ETF基金,000685.SH,上证科创板芯片指数,SH,华安基金,92557.821,
1171,588810.SH,科创芯片ETF富国,000685.SH,上证科创板芯片指数,SH,富国基金,4844.846,
1168,588780.SH,科创芯片设计ETF,950162.CSI,上证科创板芯片设计主题指数,SH,国联安基金,12505.812,
774,515580.SH,科技100ETF,931187.CSI,中证科技100指数,SH,华泰柏瑞基金,6395.124,
783,515750.SH,科技50ETF,931186.CSI,中证科技50策略指数,SH,富国基金,7773.174,
364,159807.SZ,科技ETF,931380.CSI,中证科技50指数,SZ,易方达基金,18744.467,
736,515000.SH,科技ETF,931087.CSI,中证科技龙头指数,SH,华宝基金,58321.484,
790,515860.SH,科技ETF嘉实,931165.CSI,中证新兴科技100策略指数,SH,嘉实基金,4392.316,
889,517350.SH,科技ETF沪港深,931524.CSI,中证沪港深科技龙头指数,SH,广发基金,284.048,
306,159723.SZ,科技龙头ETF,931524.CSI,中证沪港深科技龙头指数,SZ,汇添富基金,1643.762,
803,516050.SH,科技龙头ETF,931087.CSI,中证科技龙头指数,SH,工银瑞信基金,4989.331,
298,159713.SZ,稀土ETF,930598.CSI,中证稀土产业指数,SZ,富国基金,76269.662,
856,516780.SH,稀土ETF,930598.CSI,中证稀土产业指数,SH,华泰柏瑞基金,207489.621,1
812,516150.SH,稀土ETF嘉实,930598.CSI,中证稀土产业指数,SH,嘉实基金,260939.859,
299,159715.SZ,稀土ETF易方达,930598.CSI,中证稀土产业指数,SZ,易方达基金,22406.048,
213,159608.SZ,稀有金属ETF,930632.CSI,中证稀有金属主题指数,SZ,广发基金,16446.936,
1064,562800.SH,稀有金属ETF,930632.CSI,中证稀有金属主题指数,SH,嘉实基金,40230.924,1
1026,561800.SH,稀有金属ETF基金,930632.CSI,中证稀有金属主题指数,SH,华富基金,4083.544,
266,159671.SZ,稀有金属ETF基金,930632.CSI,中证稀有金属主题指数,SZ,工银瑞信基金,8715.321,
288,159698.SZ,粮食ETF,399365.SZ,国证粮食产业指数,SZ,鹏华基金,7041.498,
196,159587.SZ,粮食ETF广发,399365.SZ,国证粮食产业指数,SZ,广发基金,1184.574,
294,159708.SZ,红利ETF,399324.SZ,深证红利指数,SZ,西部利得基金,15289.771,
554,510880.SH,红利ETF,000015.SH,上证红利指数,SH,华泰柏瑞基金,246576.78,
792,515890.SH,红利ETF博时,000922.CSI,中证红利指数,SH,博时基金,14653.27,
934,530880.SH,红利ETF国企,000151.SH,上证国有企业红利指数,SH,银河基金,9407.054,
192,159581.SZ,红利ETF基金,000922.CSI,中证红利指数,SZ,万家基金,121385.693,
198,159589.SZ,红利ETF广发,000922.CSI,中证红利指数,SZ,广发基金,3471.186,
752,515180.SH,红利ETF易方达,000922.CSI,中证红利指数,SH,易方达基金,219005.764,
937,560020.SH,红利ETF汇添富,000922.CSI,中证红利指数,SH,汇添富基金,1743.099,
921,520900.SH,红利ETF港股,931722.CSI,中证国新港股通央企红利指数,SH,广发基金,159016.495,
1105,563700.SH,红利价值ETF,H30270.CSI,中证红利价值指数,SH,易方达基金,7408.333,
55,159307.SZ,红利低波100ETF,930955.CSI,中证红利低波动100指数,SZ,博时基金,18028.076,
745,515100.SH,红利低波100ETF,930955.CSI,中证红利低波动100指数,SH,景顺长城基金,91812.834,
960,560520.SH,红利低波100ETF基金,930955.CSI,中证红利低波动100指数,SH,大成基金,65.141,
770,515450.SH,红利低波50ETF,SPCLLHCP.OTH,标普中国A股大盘红利低波50指数,SH,南方基金,237176.1,
144,159525.SZ,红利低波ETF,H30269.CSI,中证红利低波动指数,SZ,富国基金,18775.22,
658,512890.SH,红利低波ETF,H30269.CSI,中证红利低波动指数,SH,华泰柏瑞基金,320511.252,
164,159547.SZ,红利低波ETF基金,H30269.CSI,中证红利低波动指数,SZ,华夏基金,21033.224,
165,159549.SZ,红利低波ETF天弘,930955.CSI,中证红利低波动100指数,SZ,天弘基金,6754.504,
982,560890.SH,红利低波ETF新华,H30269.CSI,中证红利低波动指数,SH,新华基金,3740.933,
946,560150.SH,红利低波ETF泰康,H30269.CSI,中证红利低波动指数,SH,泰康基金,14284.679,
28,159228.SZ,红利低波ETF长城,930955.CSI,中证红利低波动100指数,SZ,长城基金,8514.95,
1081,563020.SH,红利低波动ETF,H30269.CSI,中证红利低波动指数,SH,易方达基金,60655.768,
548,510720.SH,红利国企ETF,000151.SH,上证国有企业红利指数,SH,国泰基金,70638.989,
73,159331.SZ,红利港股ETF,930914.CSI,中证港股通高股息投资指数,SZ,国泰基金,28380.472,
330,159758.SZ,红利质量ETF,931468.CSI,中证红利质量指数,SZ,华夏基金,8077.241,
257,159660.SZ,纳指100ETF,NDX.NASDAQ,纳斯达克100指数,SZ,汇添富基金,53932.731,
701,513390.SH,纳指100ETF,NDX.NASDAQ,纳斯达克100指数,SH,博时基金,133479.035,
677,513100.SH,纳指ETF,NDX.NASDAQ,纳斯达克100指数,SH,国泰基金,554832.629,1
465,159941.SZ,纳指ETF,NDX.NASDAQ,纳斯达克100指数,SZ,广发基金,766328.568,
125,159501.SZ,纳指ETF嘉实,NDX.NASDAQ,纳斯达克100指数,SZ,嘉实基金,106040.758,
726,513870.SH,纳指ETF富国,NDX.NASDAQ,纳斯达克100指数,SH,富国基金,32599.045,
286,159696.SZ,纳指ETF易方达,NDX.NASDAQ,纳斯达克100指数,SZ,易方达基金,37538.074,
693,513290.SH,纳指生物科技ETF,NBI.OTH,纳斯达克生物技术指数,SH,汇添富基金,106527.299,
131,159509.SZ,纳指科技ETF,NDXTMC.NASDAQ,纳斯达克科技市值加权指数,SZ,景顺长城基金,1218033.703,
678,513110.SH,纳斯达克100ETF,NDX.NASDAQ,纳斯达克100指数,SH,华泰柏瑞基金,83728.329,
256,159659.SZ,纳斯达克100ETF,NDX.NASDAQ,纳斯达克100指数,SZ,招商基金,102884.595,
135,159513.SZ,纳斯达克100指数ETF,NDX.NASDAQ,纳斯达克100指数,SZ,大成基金,42028.569,
234,159632.SZ,纳斯达克ETF,NDX.NASDAQ,纳斯达克100指数,SZ,华安基金,115256.331,
694,513300.SH,纳斯达克ETF,NDX.NASDAQ,纳斯达克100指数,SH,华夏基金,402648.343,
307,159725.SZ,线上消费ETF,931480.CSI,中证线上消费主题指数,SZ,工银瑞信基金,1479.136,
354,159793.SZ,线上消费ETF基金,931481.CSI,中证沪港深线上消费主题指数,SZ,平安基金,173.198,
1056,562550.SH,绿电ETF,931897.CSI,中证绿色电力指数,SH,华夏基金,3147.925,
264,159669.SZ,绿电ETF,399438.SZ,国证绿色电力指数,SZ,国泰基金,3207.857,
996,561170.SH,绿色电力ETF,931897.CSI,中证绿色电力指数,SH,富国基金,19140.436,
228,159625.SZ,绿色电力ETF,399438.SZ,国证绿色电力指数,SZ,嘉实基金,26249.946,
1076,562960.SH,绿色电力ETF易方达,931897.CSI,中证绿色电力指数,SH,易方达基金,2252.146,
1038,562010.SH,绿色能源ETF,931733.CSI,中证绿色能源指数,SH,华宝基金,88.112,
190,159577.SZ,美国50ETF,750108.MI,MSCI美国50指数,SZ,汇添富基金,12715.63,
724,513850.SH,美国50ETF,750108.MI,MSCI美国50指数,SH,易方达基金,33647.518,
1002,561260.SH,能源ETF,932037.CSI,中证国新央企现代能源指数,SH,工银瑞信基金,4962.206,
455,159930.SZ,能源ETF,000928.SH,中证能源指数,SZ,汇添富基金,32423.546,1
468,159945.SZ,能源ETF广发,000986.SH,中证全指能源指数,SZ,广发基金,6467.714,
494,159981.SZ,能源化工ETF,000201.ESCI.CZCE,易盛郑商所能源化工指数A,SZ,建信基金,107507.81,
4,159201.SZ,自由现金流ETF,980092.SZ,国证自由现金流指数,SZ,华夏基金,264041.575,
1027,561870.SH,自由现金流ETF全指,932365.CSI,中证全指自由现金流指数,SH,华富基金,6638.211,
33,159233.SZ,自由现金流ETF基金,932365.CSI,中证全指自由现金流指数,SZ,平安基金,33983.495,
35,159236.SZ,自由现金流ETF工银,932365.CSI,中证全指自由现金流指数,SZ,工银瑞信基金,13707.811,
29,159229.SZ,自由现金流ETF广发,932368.CSI,中证800自由现金流指数,SZ,广发基金,12201.923,
23,159222.SZ,自由现金流ETF易方达,980092.SZ,国证自由现金流指数,SZ,易方达基金,124563.802,
10,159208.SZ,航天航空ETF,CN5082.SZ,国证航天航空行业指数,SZ,万家基金,11545.249,
118,159392.SZ,航空ETF,980076.SZ,国证通用航空产业指数,SZ,富国基金,2219.532,
27,159227.SZ,航空航天ETF,CN5082.SZ,国证航天航空行业指数,SZ,华夏基金,103491.368,
40,159241.SZ,航空航天ETF天弘,CN5082.SZ,国证航天航空行业指数,SZ,天弘基金,63380.164,
868,516920.SH,芯片50ETF,H30007.CSI,中证芯片产业指数,SH,汇添富基金,7437.788,
175,159560.SZ,芯片50ETF,H30007.CSI,中证芯片产业指数,SZ,景顺长城基金,10577.135,
651,512760.SH,芯片ETF,990001.OTH,中华交易服务半导体芯片行业指数,SH,国泰基金,214521.361,
501,159995.SZ,芯片ETF,980017.SZ,国证半导体芯片指数,SZ,华夏基金,349779.967,
206,159599.SZ,芯片ETF基金,H30007.CSI,中证芯片产业指数,SZ,西藏东财基金,15217.387,
57,159310.SZ,芯片ETF天弘,H30007.CSI,中证芯片产业指数,SZ,天弘基金,6212.286,
826,516350.SH,芯片ETF易方达,H30007.CSI,中证芯片产业指数,SH,易方达基金,14964.008,
360,159801.SZ,芯片ETF龙头,980017.SZ,国证半导体芯片指数,SZ,广发基金,49506.464,
975,560780.SH,芯片设备ETF,931743.CSI,中证半导体材料设备主题指数,SH,广发基金,2375.255,
845,516640.SH,芯片龙头ETF,H30007.CSI,中证芯片产业指数,SH,富国基金,29805.813,
1040,562050.SH,药ETF,932217.CSI,中证制药指数,SH,华宝基金,24650.975,
595,511910.SH,融通货币ETF,,,SH,融通基金,210.1,
648,512720.SH,计算机ETF,930651.CSI,中证计算机主题指数,SH,国泰基金,18079.811,
504,159998.SZ,计算机ETF,930651.CSI,中证计算机主题指数,SZ,天弘基金,34107.276,
195,159586.SZ,计算机ETF南方,H30182.CSI,中证全指计算机指数,SZ,南方基金,9393.246,
389,159841.SZ,证券ETF,399975.SZ,中证全指证券公司指数,SZ,天弘基金,242384.643,
657,512880.SH,证券ETF,399975.SZ,中证全指证券公司指数,SH,国泰基金,1929070.231,
284,159692.SZ,证券ETF东财,931412.CSI,中证证券公司30指数,SZ,西藏东财基金,46989.001,
873,516980.SH,证券ETF先锋,931402.CSI,中证证券公司先锋策略指数,SH,华富基金,3029.703,
659,512900.SH,证券ETF南方,399975.SZ,中证全指证券公司指数,SH,南方基金,56412.874,
394,159848.SZ,证券ETF基金,399975.SZ,中证全指证券公司指数,SZ,国联安基金,5910.017,
773,515560.SH,证券ETF建信,399975.SZ,中证全指证券公司指数,SH,建信基金,5277.671,
816,516200.SH,证券ETF指数基金,399975.SZ,中证全指证券公司指数,SH,华安基金,12369.897,
637,512570.SH,证券ETF易方达,399975.SZ,中证全指证券公司指数,SH,易方达基金,39686.705,
943,560090.SH,证券ETF龙头,399975.SZ,中证全指证券公司指数,SH,汇添富基金,79349.005,
499,159993.SZ,证券ETF龙头,399437.SZ,国证证券龙头指数,SZ,鹏华基金,95931.125,
608,512070.SH,证券保险ETF,H30035.CSI,沪深300非银行金融指数,SH,易方达基金,342136.576,
852,516730.SH,证券公司ETF,931412.CSI,中证证券公司30指数,SH,浦银安盛基金,5447.116,
496,159985.SZ,豆粕ETF,000014.DCE,大商所豆粕期货价格指数,SZ,华夏基金,121661.858,
591,511850.SH,财富宝ETF,,,SH,招商基金,262521.856,
579,511600.SH,货币ETF,,,SH,华安基金,939.991,
0,159001.SZ,货币ETF,,,SZ,易方达基金,433328.297,
582,511660.SH,货币ETF建信添益,,,SH,建信基金,738681.994,
580,511620.SH,货币基金ETF,,,SH,国泰基金,11813.368,
794,515910.SH,质量ETF,707717L.MI,MSCI中国A股国际公司质量指数(本币),SH,中金基金,2056.381,
533,510410.SH,资源ETF,000068.SH,上证自然资源指数,SH,博时基金,9235.321,
506,510020.SH,超大盘ETF,000043.SH,上证超级大盘指数,SH,博时基金,1997.31,
199,159590.SZ,软件50ETF,H30202.CSI,中证全指软件指数,SZ,汇添富基金,7889.077,
757,515230.SH,软件ETF,H30202.CSI,中证全指软件指数,SH,国泰基金,71769.144,
398,159852.SZ,软件ETF,930601.CSI,中证软件服务指数,SZ,嘉实基金,98904.429,
988,561010.SH,软件ETF基金,932094.CSI,中证全指软件开发指数,SH,华安基金,3132.722,
1074,562930.SH,软件ETF易方达,930601.CSI,中证软件服务指数,SH,易方达基金,2599.669,
956,560360.SH,软件指数ETF,930601.CSI,中证软件服务指数,SH,万家基金,1964.533,
433,159899.SZ,软件龙头ETF,H30202.CSI,中证全指软件指数,SZ,招商基金,19888.37,
285,159695.SZ,通信ETF,399389.SZ,国证通信指数,SZ,嘉实基金,9307.065,
791,515880.SH,通信ETF,931160.CSI,中证全指通信设备指数,SH,国泰基金,174916.878,
133,159511.SZ,通信ETF南方,000936.CSI,中证通信服务指数,SZ,南方基金,1946.774,
194,159583.SZ,通信设备ETF,931271.CSI,中证通信设备主题指数,SZ,富国基金,8002.156,
105,159378.SZ,通用航空ETF,980076.SZ,国证通用航空产业指数,SZ,永赢基金,35040.53,
31,159231.SZ,通用航空ETF华宝,980076.SZ,国证通用航空产业指数,SZ,华宝基金,2730.49,
30,159230.SZ,通用航空ETF基金,980076.SZ,国证通用航空产业指数,SZ,华夏基金,1642.594,
702,513400.SH,道琼斯ETF,DJI.UN,道琼斯工业平均指数,SH,鹏华基金,62198.645,
645,512690.SH,酒ETF,399987.SZ,中证酒指数,SH,鹏华基金,992186.644,1
905,518680.SH,金ETF,SHAU.SGE,黄金集中定价(SHAU合约),SH,富国基金,59955.274,
382,159834.SZ,金ETF,SHAU.SGE,黄金集中定价(SHAU合约),SZ,南方基金,70099.838,
456,159931.SZ,金融ETF,000934.SH,中证金融地产指数,SZ,汇添富基金,3110.901,
521,510230.SH,金融ETF,000018.SH,上证180金融股指数,SH,国泰基金,52160.389,
544,510650.SH,金融地产ETF,000038.SH,上证金融地产行业指数,SH,华夏基金,4495.638,
464,159940.SZ,金融地产ETF,000992.SH,中证全指金融地产指数,SZ,广发基金,19313.762,
640,512640.SH,金融地产ETF嘉实,000934.SH,中证金融地产指数,SH,嘉实基金,12891.43,
863,516860.SH,金融科技ETF,930986.CSI,中证金融科技主题指数,SH,博时基金,156200.236,
397,159851.SZ,金融科技ETF,930986.CSI,中证金融科技主题指数,SZ,华宝基金,1111846.615,
808,516100.SH,金融科技ETF华夏,930986.CSI,中证金融科技主题指数,SH,华夏基金,53683.166,
586,511770.SH,金鹰增益货币ETF,,,SH,金鹰基金,230.004,
755,515210.SH,钢铁ETF,930606.CSI,中证钢铁指数,SH,国泰基金,195197.461,
593,511880.SH,银华日利ETF,,,SH,银华基金,13205952.4,
901,517900.SH,银行AH优选ETF,931039.CSI,中证银行AH价格优选指数,SH,招商基金,73454.619,
424,159887.SZ,银行ETF,H30022.CSI,中证800银行指数,SZ,富国基金,148101.714,
653,512800.SH,银行ETF,399986.SZ,中证银行指数,SH,华宝基金,835138.955,1
646,512700.SH,银行ETF南方,399986.SZ,中证银行指数,SH,南方基金,187619.278,
738,515020.SH,银行ETF基金,399986.SZ,中证银行指数,SH,华夏基金,34722.634,
760,515290.SH,银行ETF天弘,399986.SZ,中证银行指数,SH,天弘基金,113179.682,
649,512730.SH,银行ETF指数,399986.SZ,中证银行指数,SH,鹏华基金,16433.28,
817,516210.SH,银行ETF指数基金,399986.SZ,中证银行指数,SH,华安基金,11091.748,
823,516310.SH,银行ETF易方达,399986.SZ,中证银行指数,SH,易方达基金,46148.255,
655,512820.SH,银行ETF龙头,399986.SZ,中证银行指数,SH,汇添富基金,123229.591,
995,561160.SH,锂电池ETF,931719.CSI,中证电池主题指数,SH,富国基金,14642.278,
388,159840.SZ,锂电池ETF,980032.SZ,国证新能源车电池指数,SZ,工银瑞信基金,18792.231,
641,512650.SH,长三角ETF,931141.CSI,中证长三角一体化发展主题指数,SH,汇添富基金,4082.751,
888,517330.SH,长江保护ETF,931554.CSI,中证长江保护主题指数,SH,易方达基金,662.965,
883,517160.SH,长江保护主题ETF,931554.CSI,中证长江保护主题指数,SH,南方基金,536.181,
163,159546.SZ,集成电路ETF,932087.CSI,中证全指集成电路指数,SZ,国泰基金,3395.965,
1066,562820.SH,集成电路ETF,932087.CSI,中证全指集成电路指数,SH,嘉实基金,4647.522,
405,159862.SZ,食品ETF,000815.CSI,中证细分食品饮料产业主题指数,SZ,银华基金,1471.395,
782,515710.SH,食品ETF,000815.CSI,中证细分食品饮料产业主题指数,SH,华宝基金,22622.351,
391,159843.SZ,食品饮料ETF,399396.SZ,国证食品饮料行业指数,SZ,招商基金,21290.59,
751,515170.SH,食品饮料ETF,000815.CSI,中证细分食品饮料产业主题指数,SH,华夏基金,97043.303,
866,516900.SH,食品饮料ETF基金,000807.CSI,中证申万食品饮料指数,SH,华安基金,8479.38,
315,159736.SZ,食品饮料ETF天弘,930653.CSI,中证食品饮料指数,SZ,天弘基金,12565.721,
715,513700.SH,香港医药ETF,930975.CSI,中证港股通医药卫生综合人民币指数,SH,鹏华基金,197528.168,
709,513590.SH,香港消费ETF,931454.CSI,中证港股通消费主题指数,SH,鹏华基金,24350.632,
323,159747.SZ,香港科技ETF,931574.CSI,中证香港科技指数,SZ,南方基金,75529.907,
707,513560.SH,香港科技ETF,931573CNY00.CSI,中证港股通科技人民币指数,SH,兴银基金,101223.796,
676,513090.SH,香港证券ETF,930709.CSI,中证香港证券投资主题指数,SH,易方达基金,20700008.57,1
1072,562910.SH,高端制造ETF,H11054.CSI,中证装备产业指数,SH,易方达基金,2902.133,
824,516320.SH,高端装备ETF,H11054.CSI,中证装备产业指数,SH,华夏基金,744.835,
239,159638.SZ,高端装备ETF,931521.CSI,中证高端装备细分50指数,SZ,嘉实基金,38758.173,
9,159207.SZ,高股息ETF,932305.CSI,中证智选高股息策略指数,SZ,广发基金,13672.459,
1088,563180.SH,高股息ETF,H30366.CSI,中证高股息策略指数,SH,银华基金,15683.44,
589,511820.SH,鹏华添利ETF,,,SH,鹏华基金,700.209,
458,159934.SZ,黄金ETF,Au99.99.SGE,黄金9999,SZ,易方达基金,451193.343,
909,518880.SH,黄金ETF,Au99.99.SGE,黄金9999,SH,华安基金,2225855.85,1
908,518860.SH,黄金ETFAU,SHAU.SGE,黄金集中定价(SHAU合约),SH,建信基金,30124.117,
907,518850.SH,黄金ETF华夏,Au99.99.SGE,黄金9999,SH,华夏基金,307576.889,
904,518660.SH,黄金ETF基金,Au99.99.SGE,黄金9999,SH,工银瑞信基金,114047.577,
461,159937.SZ,黄金ETF基金,Au99.99.SGE,黄金9999,SZ,博时基金,475852.724,
368,159812.SZ,黄金基金ETF,Au99.99.SGE,黄金9999,SZ,前海开源基金,12775.156,
906,518800.SH,黄金基金ETF,Au99.99.SGE,黄金9999,SH,国泰基金,131141.956,
177,159562.SZ,黄金股ETF,931238.CSI,中证沪深港黄金产业股票指数,SZ,华夏基金,25695.152,
894,517520.SH,黄金股ETF,931238.CSI,中证沪深港黄金产业股票指数,SH,永赢基金,166125.056,
60,159315.SZ,黄金股ETF基金,931238.CSI,中证沪深港黄金产业股票指数,SZ,工银瑞信基金,2586.153,
64,159321.SZ,黄金股票ETF,931238.CSI,中证沪深港黄金产业股票指数,SZ,华安基金,6724.604,
893,517400.SH,黄金股票ETF,931238.CSI,中证沪深港黄金产业股票指数,SH,国泰基金,21776.027,
65,159322.SZ,黄金股票ETF基金,931238.CSI,中证沪深港黄金产业股票指数,SZ,平安基金,2622.777,
311,159730.SZ,龙头家电ETF,980028.SZ,国证龙头家电指数,SZ,博时基金,3697.019,1
